BEGIN TRANSACTION;
CREATE TABLE "amaranta_candles_base" ("id" integer NOT NULL PRIMARY KEY AUTOINCREMENT, "name" varchar(128) NOT NULL, "instance_created_at" datetime NOT NULL, "notes" text NULL);
INSERT INTO "amaranta_candles_base" VALUES(3,'Amber and Driftwood','2020-04-20 02:05:14.785290',NULL);
INSERT INTO "amaranta_candles_base" VALUES(4,'Citrus and Mangosteen','2020-04-20 02:05:14.814732',NULL);
INSERT INTO "amaranta_candles_base" VALUES(12,'For','2020-05-03 07:33:48.381576',NULL);
INSERT INTO "amaranta_candles_base" VALUES(13,'Oakmoss and Amber','2020-05-03 16:40:44.047092',NULL);
INSERT INTO "amaranta_candles_base" VALUES(14,'Fruit Slices','2020-05-03 16:40:44.077171',NULL);
INSERT INTO "amaranta_candles_base" VALUES(15,'Ivory Liquid Dye','2020-05-03 16:40:44.108341',NULL);
INSERT INTO "amaranta_candles_base" VALUES(16,'Rain Water','2020-05-03 16:40:44.144232',NULL);
INSERT INTO "amaranta_candles_base" VALUES(17,'Sweet Orange and Sriracha','2020-05-03 16:40:44.172863',NULL);
INSERT INTO "amaranta_candles_base" VALUES(18,'Hemp','2020-05-03 16:40:44.198395',NULL);
INSERT INTO "amaranta_candles_base" VALUES(19,'Bamboo and Coconut','2020-05-03 16:40:44.230631','');
INSERT INTO "amaranta_candles_base" VALUES(20,'Sea Salt and Orchid','2020-05-03 16:40:44.257307',NULL);
INSERT INTO "amaranta_candles_base" VALUES(21,'Peppermint and Eucalyptus','2020-05-03 16:40:44.290353',NULL);
INSERT INTO "amaranta_candles_base" VALUES(22,'Black Liquid Dye','2020-05-03 16:40:44.318744',NULL);
INSERT INTO "amaranta_candles_base" VALUES(23,'Coconut Lime Verbena','2020-05-03 16:40:44.351015',NULL);
INSERT INTO "amaranta_candles_base" VALUES(24,'Watermint and Clementine','2020-05-03 16:40:44.385120',NULL);
INSERT INTO "amaranta_candles_base" VALUES(25,'Cedarwood Vanilla','2020-05-03 16:40:44.440860',NULL);
INSERT INTO "amaranta_candles_base" VALUES(26,'Citron and Mandarin','2020-05-03 16:40:44.464579',NULL);
INSERT INTO "amaranta_candles_base" VALUES(27,'Lush Linen','2020-05-03 16:40:44.496568',NULL);
INSERT INTO "amaranta_candles_base" VALUES(28,'Vetiver','2020-05-03 16:40:44.520988',NULL);
INSERT INTO "amaranta_candles_base" VALUES(29,'Strawberry Guava','2020-05-03 16:40:44.544260',NULL);
INSERT INTO "amaranta_candles_base" VALUES(30,'Black Currant Absinthe','2020-05-03 16:40:44.568963',NULL);
INSERT INTO "amaranta_candles_base" VALUES(31,'Tomato Leaf','2020-05-03 16:40:44.592906',NULL);
INSERT INTO "amaranta_candles_base" VALUES(32,'Grapefruit and Mint','2020-05-03 16:40:44.620687',NULL);
INSERT INTO "amaranta_candles_base" VALUES(33,'Black Sea','2020-05-03 16:40:44.649564',NULL);
INSERT INTO "amaranta_candles_base" VALUES(34,'Moon Lake Musk','2020-05-03 16:40:44.683451',NULL);
INSERT INTO "amaranta_candles_base" VALUES(35,'White Tea','2020-05-03 16:40:44.744377',NULL);
INSERT INTO "amaranta_candles_base" VALUES(36,'Blue Spruce','2020-05-03 16:40:44.819632',NULL);
INSERT INTO "amaranta_candles_base" VALUES(37,'Cypress and Bayberry','2020-05-03 16:40:44.893695',NULL);
INSERT INTO "amaranta_candles_base" VALUES(38,'Frosted Juniper','2020-05-03 16:40:44.954600',NULL);
INSERT INTO "amaranta_candles_base" VALUES(39,'Beach Linen','2020-05-03 16:40:45.004962',NULL);
INSERT INTO "amaranta_candles_base" VALUES(40,'High Tide','2020-05-03 16:40:45.060698',NULL);
INSERT INTO "amaranta_candles_base" VALUES(41,'Fraser Fir','2020-05-03 16:40:45.155250',NULL);
INSERT INTO "amaranta_candles_base" VALUES(42,'Rosemary Sage','2020-05-03 16:40:45.180087',NULL);
INSERT INTO "amaranta_candles_base" VALUES(43,'Fireside','2020-05-03 16:40:45.211560',NULL);
INSERT INTO "amaranta_candles_base" VALUES(44,'Leather','2020-05-03 16:40:45.239117',NULL);
INSERT INTO "amaranta_candles_base" VALUES(45,'Summer Breeze Liquid Dye','2020-05-03 16:40:45.267156',NULL);
INSERT INTO "amaranta_candles_base" VALUES(46,'IGI 4630 Harmony Blend Wax','2020-05-03 16:40:45.288175',NULL);
INSERT INTO "amaranta_candles_base" VALUES(47,'Whiskey','2020-05-03 16:40:45.317301',NULL);
INSERT INTO "amaranta_candles_base" VALUES(48,'Red Currant','2020-05-03 16:40:45.343528',NULL);
INSERT INTO "amaranta_candles_base" VALUES(49,'Dragon''s Blood','2020-05-03 16:40:45.375379',NULL);
INSERT INTO "amaranta_candles_base" VALUES(50,'Fresh Coffee','2020-05-03 16:40:45.406482',NULL);
INSERT INTO "amaranta_candles_base" VALUES(51,'Sea Minerals','2020-05-03 16:40:45.430133',NULL);
INSERT INTO "amaranta_candles_base" VALUES(52,'Sea Mist','2020-05-03 16:40:45.471999',NULL);
INSERT INTO "amaranta_candles_base" VALUES(53,'Golden Brands 464 Soy Wax','2020-05-03 16:40:45.495314',NULL);
INSERT INTO "amaranta_candles_base" VALUES(54,'Golden Brands 444 Soy Wax','2020-05-03 16:40:53.658480',NULL);
INSERT INTO "amaranta_candles_base" VALUES(55,'Tonka and Oud','2020-05-03 16:40:53.683700',NULL);
INSERT INTO "amaranta_candles_base" VALUES(56,'Egyptian Amber','2020-05-03 16:40:53.715494',NULL);
INSERT INTO "amaranta_candles_base" VALUES(57,'Pineapple Sage','2020-05-03 16:40:53.740669',NULL);
INSERT INTO "amaranta_candles_base" VALUES(58,'Pomegranate Cider','2020-05-03 16:40:53.768997',NULL);
INSERT INTO "amaranta_candles_base" VALUES(59,'White Currant','2020-05-03 16:40:53.791390',NULL);
INSERT INTO "amaranta_candles_base" VALUES(60,'White Sage and Lavender','2020-05-03 16:40:53.814828',NULL);
INSERT INTO "amaranta_candles_base" VALUES(61,'Japanese Cherry Blossom','2020-05-03 16:40:53.843885',NULL);
INSERT INTO "amaranta_candles_base" VALUES(62,'Mediterranean Fig','2020-05-03 16:40:53.868897',NULL);
INSERT INTO "amaranta_candles_base" VALUES(63,'White Birch','2020-05-03 16:40:53.894370',NULL);
INSERT INTO "amaranta_candles_base" VALUES(64,'Blood Orange','2020-05-03 16:40:53.921219',NULL);
INSERT INTO "amaranta_candles_base" VALUES(65,'Frankincense and Myrrh','2020-05-03 16:40:53.947281',NULL);
INSERT INTO "amaranta_candles_base" VALUES(66,'Grapefruit and Mangosteen','2020-05-03 16:40:53.966091',NULL);
INSERT INTO "amaranta_candles_base" VALUES(67,'Lilac','2020-05-03 16:40:53.985522',NULL);
INSERT INTO "amaranta_candles_base" VALUES(68,'CD 18 6" Pretabbed Wick','2020-05-03 16:47:25.998592',NULL);
INSERT INTO "amaranta_candles_base" VALUES(69,'ECO 6 6" Pretabbed Wick','2020-05-03 16:47:29.318891',NULL);
INSERT INTO "amaranta_candles_base" VALUES(70,'CD 12 6" Pretabbed Wick','2020-05-03 16:47:29.356770',NULL);
INSERT INTO "amaranta_candles_base" VALUES(71,'ECO 6 6" Pretabbed Wick','2020-05-03 16:56:57.586088',NULL);
INSERT INTO "amaranta_candles_base" VALUES(72,'CD 12 6" Pretabbed Wick','2020-05-03 16:56:57.618512',NULL);
INSERT INTO "amaranta_candles_base" VALUES(73,'ECO 6 6" Pretabbed Wick','2020-05-03 17:00:37.447666',NULL);
INSERT INTO "amaranta_candles_base" VALUES(74,'CD 12 6" Pretabbed Wick','2020-05-03 17:00:37.476287',NULL);
INSERT INTO "amaranta_candles_base" VALUES(76,'Large Mason Jar','2020-05-03 17:00:38.755605',NULL);
INSERT INTO "amaranta_candles_base" VALUES(77,'First','2020-05-03 17:06:28.650722',NULL);
INSERT INTO "amaranta_candles_base" VALUES(86,'CD 18 6" Pretabbed Wick','2020-05-03 17:40:00.694090',NULL);
INSERT INTO "amaranta_candles_base" VALUES(87,'Corleone','2020-05-08 02:25:51.291072',NULL);
INSERT INTO "amaranta_candles_base" VALUES(88,'Large wine glass','2020-05-08 02:26:32.951510',NULL);
INSERT INTO "amaranta_candles_base" VALUES(89,'Hippie Jesus','2020-05-08 02:32:58.218622','');
INSERT INTO "amaranta_candles_base" VALUES(90,'Serrano mug','2020-05-08 02:33:35.178729','');
INSERT INTO "amaranta_candles_base" VALUES(91,'Cinque Terre','2020-05-08 02:36:50.205106','');
INSERT INTO "amaranta_candles_base" VALUES(92,'Sundried tomato jar','2020-05-08 02:37:09.760594','');
INSERT INTO "amaranta_candles_base" VALUES(93,'California Sunrise','2020-05-08 02:43:54.325923','');
INSERT INTO "amaranta_candles_base" VALUES(94,'Salsa jar + Little boy','2020-05-08 02:45:38.464590','');
INSERT INTO "amaranta_candles_base" VALUES(95,'Second','2020-05-08 02:49:12.779830','');
INSERT INTO "amaranta_candles_base" VALUES(96,'Helia','2020-05-08 02:51:16.793053','');
INSERT INTO "amaranta_candles_base" VALUES(97,'12oz jar','2020-05-08 02:52:07.824694','');
INSERT INTO "amaranta_candles_base" VALUES(98,'10z indented cup','2020-05-08 02:54:21.745528','');
INSERT INTO "amaranta_candles_base" VALUES(99,'Lonely Giant','2020-05-08 02:59:12.919351','');
INSERT INTO "amaranta_candles_base" VALUES(100,'White and blue ceramic teacup','2020-05-08 02:59:56.274078','');
INSERT INTO "amaranta_candles_base" VALUES(101,'Shenandoah','2020-05-09 14:52:47.015994','');
INSERT INTO "amaranta_candles_base" VALUES(102,'Large circular jar','2020-05-09 14:53:26.935456','');
INSERT INTO "amaranta_candles_base" VALUES(103,'Naoko','2020-05-09 14:54:44.922437','');
INSERT INTO "amaranta_candles_base" VALUES(104,'Appalachian Solstice','2020-05-09 14:56:35.195095','');
INSERT INTO "amaranta_candles_base" VALUES(105,'Jar','2020-05-09 14:57:26.855414','');
INSERT INTO "amaranta_candles_base" VALUES(106,'Andalucian Sunrise','2020-05-09 14:59:02.164993','');
INSERT INTO "amaranta_candles_base" VALUES(107,'Indented Jar','2020-05-09 14:59:33.844271','');
INSERT INTO "amaranta_candles_base" VALUES(108,'Hexagonal Jar','2020-05-09 15:03:36.047085','');
INSERT INTO "amaranta_candles_base" VALUES(109,'Rebirth','2020-05-09 15:08:53.924703','');
INSERT INTO "amaranta_candles_base" VALUES(110,'Mason Jar','2020-05-09 15:09:15.895293','');
INSERT INTO "amaranta_candles_base" VALUES(111,'Perfumia','2020-05-09 15:10:11.262732','');
INSERT INTO "amaranta_candles_base" VALUES(112,'Stout Wine Glass','2020-05-09 15:10:37.707956','');
INSERT INTO "amaranta_candles_base" VALUES(113,'California Thanksgiving','2020-05-09 15:14:09.250461','');
INSERT INTO "amaranta_candles_base" VALUES(114,'Indented Cup','2020-05-09 15:19:04.102833','');
INSERT INTO "amaranta_candles_base" VALUES(115,'Mulling Season','2020-05-09 20:39:57.367158','');
INSERT INTO "amaranta_candles_base" VALUES(116,'Girthy Wine Glass','2020-05-09 20:41:14.258127','');
INSERT INTO "amaranta_candles_base" VALUES(117,'Third','2020-05-09 22:41:26.085363','With this batch we tried to cool things more slowly by using the oven. This was another manual batch, we didn''t have the pot yet.

These oven steps are from the Kukai entry, which applies to all candles in this batch unless stated otherwise:

> Heated jar to 120F, left in oven (off) while it cooled. After 10 mins, still totally liquid, at 110F air temp. Left in at 4:00pm. At 4:51pm the oven 200F. 150F at 4:58pm. 125F at 5:31pm. 150F at 5:42pm.');
INSERT INTO "amaranta_candles_base" VALUES(118,'Pacific Flotsam','2020-05-09 22:42:54.175775','');
INSERT INTO "amaranta_candles_base" VALUES(119,'Jar with Ounce Marks','2020-05-09 22:43:47.407400','');
INSERT INTO "amaranta_candles_base" VALUES(120,'Kukai','2020-05-09 22:49:47.936834','');
INSERT INTO "amaranta_candles_base" VALUES(121,'Large sauce jar','2020-05-09 22:50:22.078078','');
INSERT INTO "amaranta_candles_base" VALUES(122,'Twilight Souq','2020-05-09 22:56:07.212825','');
INSERT INTO "amaranta_candles_base" VALUES(123,'Round jar','2020-05-09 22:57:21.205832','');
INSERT INTO "amaranta_candles_base" VALUES(124,'Austin','2020-05-09 23:01:23.002576','');
INSERT INTO "amaranta_candles_base" VALUES(125,'Austin''s wedding candle','2020-05-09 23:01:56.294098','');
INSERT INTO "amaranta_candles_base" VALUES(126,'Eau de Tonque','2020-05-09 23:51:00.266454','');
INSERT INTO "amaranta_candles_base" VALUES(127,'Mason jar with marks','2020-05-09 23:51:45.803491','');
INSERT INTO "amaranta_candles_base" VALUES(128,'Big unmarked jar','2020-05-09 23:52:37.012745','');
INSERT INTO "amaranta_candles_base" VALUES(129,'The Lighthouse','2020-05-09 23:53:56.204740','');
INSERT INTO "amaranta_candles_base" VALUES(130,'Green mug with handle','2020-05-09 23:54:51.109379','');
INSERT INTO "amaranta_candles_base" VALUES(131,'Potrick','2020-05-09 23:56:41.776565','');
INSERT INTO "amaranta_candles_base" VALUES(132,'Esalen','2020-05-09 23:58:01.529173','');
INSERT INTO "amaranta_candles_base" VALUES(133,'Speckled Glaze Pot','2020-05-09 23:59:00.011452','');
INSERT INTO "amaranta_candles_base" VALUES(134,'Quoi','2020-05-10 00:00:40.182383','');
INSERT INTO "amaranta_candles_base" VALUES(135,'Quoi Unknown','2020-05-10 00:01:03.093965','');
INSERT INTO "amaranta_candles_base" VALUES(136,'Horoscope','2020-05-10 01:36:33.334008','This is a 12 candle series, where we decided upon scents that match each of the 12 star signs.

This is the first batch we threw with the pot we made. With the pot, we were able to make just two large lots of wax to send the whole batch.

For this batch we had to re-oven all of the candles due to severe cratering. We think it is due to a combination of the paraffin wax and the new pouring technique, in particular how the intermediate vessel might have cooled the wax differently.');
INSERT INTO "amaranta_candles_base" VALUES(137,'Aries','2020-05-10 01:38:24.050192','');
INSERT INTO "amaranta_candles_base" VALUES(138,'16oz Ball Jar','2020-05-10 01:39:16.425776','');
INSERT INTO "amaranta_candles_base" VALUES(139,'Taurus','2020-05-10 01:41:00.065642','');
INSERT INTO "amaranta_candles_base" VALUES(140,'Gemini','2020-05-10 01:47:25.303379','');
INSERT INTO "amaranta_candles_base" VALUES(141,'Cancer','2020-05-10 01:50:52.607231','');
INSERT INTO "amaranta_candles_base" VALUES(142,'Leo','2020-05-10 01:53:59.263825','');
INSERT INTO "amaranta_candles_base" VALUES(143,'Virgo','2020-05-10 01:58:52.851858','');
INSERT INTO "amaranta_candles_base" VALUES(144,'Libra','2020-05-10 02:00:07.872923','');
INSERT INTO "amaranta_candles_base" VALUES(145,'Scorpio','2020-05-10 02:04:37.377159','');
INSERT INTO "amaranta_candles_base" VALUES(146,'Purple Lavendar','2020-05-10 02:14:39.336475','');
INSERT INTO "amaranta_candles_base" VALUES(148,'Sagittarius','2020-05-10 02:27:00.360686','');
INSERT INTO "amaranta_candles_base" VALUES(149,'Capricorn','2020-05-10 02:53:31.145752','');
INSERT INTO "amaranta_candles_base" VALUES(150,'Aquarius','2020-05-10 02:57:31.413320','');
INSERT INTO "amaranta_candles_base" VALUES(151,'Pisces','2020-05-10 02:59:32.908992','');
INSERT INTO "amaranta_candles_base" VALUES(152,'Fifth','2020-05-10 04:20:24.527831','This was the second batch we threw using the pot. We did this one in front of the projector (the previous one was in the living room). Vibes were a bit off.');
INSERT INTO "amaranta_candles_base" VALUES(153,'Sofia','2020-05-10 04:22:41.014131','');
INSERT INTO "amaranta_candles_base" VALUES(154,'9oz 10 Sided Jar','2020-05-10 04:24:13.976753','');
INSERT INTO "amaranta_candles_base" VALUES(155,'2oz Gray Ceramic Jar','2020-05-10 04:25:39.215509','');
INSERT INTO "amaranta_candles_base" VALUES(156,'Twenty One','2020-05-10 15:02:34.463548','');
INSERT INTO "amaranta_candles_base" VALUES(157,'Blue and Mustard Honeypot Ceramic Pot','2020-05-10 15:02:59.817713','');
INSERT INTO "amaranta_candles_base" VALUES(158,'Amelie','2021-09-04 17:09:47.529175','"Lucy''s Candle"');
INSERT INTO "amaranta_candles_base" VALUES(159,'Stout Jar','2021-09-04 17:12:47.545910','');
INSERT INTO "amaranta_candles_base" VALUES(160,'Schwarzwald Roast','2021-09-04 17:14:43.150186','From the Schwarzwald Clinic.');
INSERT INTO "amaranta_candles_base" VALUES(161,'Double Rimmed Jar','2021-09-04 17:16:07.991542','');
INSERT INTO "amaranta_candles_base" VALUES(162,'In the Garden','2021-09-04 17:17:11.295119','');
INSERT INTO "amaranta_candles_base" VALUES(163,'Tall Skinny Jar','2021-09-04 17:17:52.967538','');
INSERT INTO "amaranta_candles_base" VALUES(165,'Monaco','2021-09-04 17:21:14.030081','');
INSERT INTO "amaranta_candles_base" VALUES(166,'Tan Handmade Ceramic Jar','2021-09-04 17:21:52.630671','');
INSERT INTO "amaranta_candles_base" VALUES(167,'Old Fashioned','2021-09-04 17:26:17.250657','');
INSERT INTO "amaranta_candles_base" VALUES(168,'AZ Unglazed Ceramic','2021-09-04 17:26:54.961848','');
INSERT INTO "amaranta_candles_base" VALUES(169,'42020 42020','2021-09-04 17:28:06.776983','');
INSERT INTO "amaranta_candles_base" VALUES(170,'Salsa Jar','2021-09-04 17:29:29.250416','');
INSERT INTO "amaranta_candles_base" VALUES(171,'Hemingway''s Vice','2021-09-04 17:30:29.157332','');
INSERT INTO "amaranta_candles_base" VALUES(172,'Dark Purple Ceramic','2021-09-04 17:30:53.258830','');
INSERT INTO "amaranta_candles_base" VALUES(173,'San Lucia','2021-09-04 17:37:04.420035','');
INSERT INTO "amaranta_candles_base" VALUES(175,'Totality','2021-09-04 17:40:33.871520','');
INSERT INTO "amaranta_candles_base" VALUES(176,'Kerr Jar','2021-09-04 17:40:57.182561','');
INSERT INTO "amaranta_candles_base" VALUES(177,'High Fantasy','2022-03-12 21:31:54.236298','With Kelly, Fatema, Yimeng, and Daniel.

We had no thermometer, so we just waited a while with the pot on R (of WARM) and then after pouring, waited roughly 5-10 minutes for it to cool down before pouring into the vessel.');
INSERT INTO "amaranta_candles_base" VALUES(178,'Witch Bolt','2022-03-12 21:57:04.065740','');
INSERT INTO "amaranta_candles_base" VALUES(179,'Small Rounded Nounos','2022-03-12 21:57:04.071046',NULL);
INSERT INTO "amaranta_candles_base" VALUES(180,'Unseen Servant','2022-03-12 22:12:32.736859',NULL);
INSERT INTO "amaranta_candles_base" VALUES(181,'Eccentric Barbarian','2022-03-12 22:24:17.676426','');
INSERT INTO "amaranta_candles_base" VALUES(182,'Salsa Jar','2022-03-12 22:25:03.972946','');
INSERT INTO "amaranta_candles_base" VALUES(183,'Goodberry','2022-03-12 22:29:20.629491','');
INSERT INTO "amaranta_candles_base" VALUES(184,'3 inch square round jar','2022-03-12 22:29:58.817683','');
INSERT INTO "amaranta_candles_base" VALUES(185,'Chubby Bard','2022-03-12 22:43:08.980329','');
INSERT INTO "amaranta_candles_base" VALUES(186,'Swarmkeeper Ovi','2022-03-12 22:56:41.691651','');
INSERT INTO "amaranta_candles_base" VALUES(187,'Druidcraft','2022-03-12 22:57:35.108781','');
INSERT INTO "amaranta_candles_base" VALUES(188,'Silverymoon','2022-03-12 23:24:16.393098','');
INSERT INTO "amaranta_candles_base" VALUES(189,'Featherfall','2022-03-12 23:33:41.156343','');
INSERT INTO "amaranta_candles_base" VALUES(192,'Christmas 2023','2023-12-23 16:28:43.862117','Session with Daniel and Yimeng to make candles for Joe, Aida, Steve, Jess, Jen, and Tom at Nobottle for Christmas 2023.

Each batch was roughly 50/50 paraffin and soy wax. Any details in the entry for each candle supersedes the info here.

Target
Scent pour: 165 F (74 C)
Final pour: 115 F (46 C)

All supplies from “Candle Makers Supplies”

We used 3 metal intermediate vessels (from a thrift store), so we did them 3 at a time.

Not 100% confident in the measurements in absolute terms. They''re pretty correct relative to each other though. This is with the Salter scales. Using oz, not floz.

These candles cratered (worst to least bad): Santa''s Garden, Blitzen''s Stroll, and Intemperence. We melted and poured in more after the fact.');
INSERT INTO "amaranta_candles_base" VALUES(193,'Sandlewood','2023-12-23 16:42:46.747646','Scents from “Candle Makers Supplies”');
INSERT INTO "amaranta_candles_base" VALUES(194,'Xmas Spice','2023-12-23 16:42:55.790182','Scents from “Candle Makers Supplies”');
INSERT INTO "amaranta_candles_base" VALUES(195,'Pear','2023-12-23 16:43:02.605253','Scents from “Candle Makers Supplies”');
INSERT INTO "amaranta_candles_base" VALUES(196,'Lilac','2023-12-23 16:43:08.892267','Scents from “Candle Makers Supplies”');
INSERT INTO "amaranta_candles_base" VALUES(197,'Jasmin','2023-12-23 16:43:16.495048','sic

Scents from “Candle Makers Supplies”');
INSERT INTO "amaranta_candles_base" VALUES(198,'Lavender','2023-12-23 16:43:33.608419','Scents from “Candle Makers Supplies”

Big bottle. Light green liquid.');
INSERT INTO "amaranta_candles_base" VALUES(199,'Red','2023-12-23 16:43:52.410270','From "Candle Makers Supplies”');
INSERT INTO "amaranta_candles_base" VALUES(200,'Blue','2023-12-23 16:43:57.354790','From "Candle Makers Supplies”');
INSERT INTO "amaranta_candles_base" VALUES(201,'Yellow','2023-12-23 16:44:01.543904','From "Candle Makers Supplies”');
INSERT INTO "amaranta_candles_base" VALUES(202,'Small Jam Jar','2023-12-23 16:44:28.660906','From UK. Had Jam in it.');
INSERT INTO "amaranta_candles_base" VALUES(203,'Pickled Lemon Jar','2023-12-23 16:44:52.374330','');
INSERT INTO "amaranta_candles_base" VALUES(204,'Minced Garlic Jar','2023-12-23 16:45:02.444356','');
INSERT INTO "amaranta_candles_base" VALUES(205,'Lao Gan Ma Jar','2023-12-23 16:45:10.577245','');
INSERT INTO "amaranta_candles_base" VALUES(206,'Candle Maker''s Supplies: 24','2023-12-23 16:47:33.833764','Not precut, it is a bundle of string you cut yourself and attach with your own wick wax / glue at the bottom.');
INSERT INTO "amaranta_candles_base" VALUES(207,'Candle Maker''s Supplies: 27','2023-12-23 16:47:46.468566','Not precut, it is a bundle of string you cut yourself and attach with your own wick wax / glue at the bottom.');
INSERT INTO "amaranta_candles_base" VALUES(208,'Candle Maker''s Supplies - Paraffin','2023-12-23 16:48:30.977235','It says it is "blended candle wax" but just looks like paraffin.');
INSERT INTO "amaranta_candles_base" VALUES(209,'Candle Maker''s Supplies - Soy','2023-12-23 16:48:55.440782','Flakes. Unsure what type.');
INSERT INTO "amaranta_candles_base" VALUES(210,'Candle Maker''s Supplies: 21','2023-12-23 17:06:03.714828','Not precut, it is a bundle of string you cut yourself and attach with your own wick wax / glue at the bottom.');
INSERT INTO "amaranta_candles_base" VALUES(211,'Santa''s Garden','2023-12-23 18:35:53.096260','');
INSERT INTO "amaranta_candles_base" VALUES(212,'Large boring cylindrical jar','2023-12-23 18:36:38.795180','');
INSERT INTO "amaranta_candles_base" VALUES(213,'Tiny Jam Jar','2023-12-23 18:39:16.719140','');
INSERT INTO "amaranta_candles_base" VALUES(214,'Harissa Jar','2023-12-23 18:40:31.424046','');
INSERT INTO "amaranta_candles_base" VALUES(215,'Little Surprise','2023-12-23 18:41:14.208443','');
INSERT INTO "amaranta_candles_base" VALUES(216,'Big Garlic Jar','2023-12-23 18:42:01.775524','');
INSERT INTO "amaranta_candles_base" VALUES(217,'Intemperance','2023-12-23 18:43:59.132867','');
INSERT INTO "amaranta_candles_base" VALUES(218,'Lao Gan Ma Jar','2023-12-23 18:44:15.436652','');
INSERT INTO "amaranta_candles_base" VALUES(219,'Salsa Jar','2023-12-23 18:45:19.577525','');
INSERT INTO "amaranta_candles_base" VALUES(220,'Postprandial Somnolence','2023-12-23 18:45:38.359324','');
INSERT INTO "amaranta_candles_base" VALUES(221,'Wild Dog’s Card','2023-12-23 18:48:09.337590','');
INSERT INTO "amaranta_candles_base" VALUES(222,'Medium Jam Jar','2023-12-23 18:48:23.508882','');
CREATE TABLE "amaranta_candles_batch" ("base_ptr_id" integer NOT NULL PRIMARY KEY REFERENCES "amaranta_candles_base" ("id") DEFERRABLE INITIALLY DEFERRED, "made_at" datetime NOT NULL);
INSERT INTO "amaranta_candles_batch" VALUES(77,'2020-02-05 08:00:00.000000');
INSERT INTO "amaranta_candles_batch" VALUES(95,'2020-03-03 03:00:00.000000');
INSERT INTO "amaranta_candles_batch" VALUES(117,'2020-03-09 02:00:00.000000');
INSERT INTO "amaranta_candles_batch" VALUES(136,'2020-03-22 02:00:00.000000');
INSERT INTO "amaranta_candles_batch" VALUES(152,'2020-04-05 02:00:00.000000');
INSERT INTO "amaranta_candles_batch" VALUES(177,'2022-03-12 21:31:48.000000');
INSERT INTO "amaranta_candles_batch" VALUES(192,'2023-12-23 16:28:39.000000');
CREATE TABLE "amaranta_candles_candle" ("id" integer NOT NULL PRIMARY KEY AUTOINCREMENT, "name" varchar(128) NULL, "instance_created_at" datetime NOT NULL, "batch_id" integer NOT NULL REFERENCES "amaranta_candles_batch" ("base_ptr_id") DEFERRABLE INITIALLY DEFERRED, "intended_scent_combo_id" integer NOT NULL REFERENCES "amaranta_candles_scentcombo" ("base_ptr_id") DEFERRABLE INITIALLY DEFERRED, "vessel_id" integer NOT NULL REFERENCES "amaranta_candles_vessel" ("base_ptr_id") DEFERRABLE INITIALLY DEFERRED, "wick_id" integer NOT NULL REFERENCES "amaranta_candles_wick" ("base_ptr_id") DEFERRABLE INITIALLY DEFERRED, "notes" text NULL);
INSERT INTO "amaranta_candles_candle" VALUES(5,'For','2020-05-03 17:26:12.811909',77,12,76,74,'Accidentally got a few drops of water in the wax at about 150 F.

17 day burn: Like a warm blanket');
INSERT INTO "amaranta_candles_candle" VALUES(6,'Corleone','2020-05-08 02:27:09.598861',77,87,88,86,'13 day burn: Decent throw in small room.

Daniel''s favourite. Perhaps too strong for my room.');
INSERT INTO "amaranta_candles_candle" VALUES(7,'Hippie Jesus','2020-05-08 02:34:00.985216',77,89,90,86,'110 F pour.

18 day burn comments:

- "Warm, spice..., melon"
- "Musk and my own burning nostril hairs"
- "Smells like Bethlehem"
- "Like a grandmother''s bathroom, like floral glade"');
INSERT INTO "amaranta_candles_candle" VALUES(8,'Cinque Terre','2020-05-08 02:37:27.433446',77,91,92,86,'125 F pour.');
INSERT INTO "amaranta_candles_candle" VALUES(9,'California Sunrise','2020-05-08 02:45:50.328715',77,93,94,86,'The intent was 0.25, 0.2, 0.2, and 0.1, but I (Daniel) cooked the pouring.

8 days later: No throw.');
INSERT INTO "amaranta_candles_candle" VALUES(10,'Helia','2020-05-08 02:52:17.059378',95,96,97,86,'');
INSERT INTO "amaranta_candles_candle" VALUES(11,'Helia','2020-05-08 02:54:28.825804',95,96,98,86,'');
INSERT INTO "amaranta_candles_candle" VALUES(12,'Lonely Giant','2020-05-08 03:00:05.533843',95,99,100,86,'');
INSERT INTO "amaranta_candles_candle" VALUES(13,'Shenandoah','2020-05-09 14:53:51.156586',95,101,102,86,'');
INSERT INTO "amaranta_candles_candle" VALUES(14,'Naoko','2020-05-09 14:55:54.375856',95,103,76,86,'Essence of previous candle (10%): Shenandoah');
INSERT INTO "amaranta_candles_candle" VALUES(15,'Appalachian Solstice','2020-05-09 14:58:04.529740',95,104,105,86,'192 F scent pour.');
INSERT INTO "amaranta_candles_candle" VALUES(16,'Andalucian Sunrise','2020-05-09 15:01:31.767399',95,106,107,86,'');
INSERT INTO "amaranta_candles_candle" VALUES(17,'Andalucian Sunrise','2020-05-09 15:03:40.341282',95,106,108,86,'');
INSERT INTO "amaranta_candles_candle" VALUES(18,'Rebirth','2020-05-09 15:09:33.785969',95,109,110,86,'Half of purple tea light.');
INSERT INTO "amaranta_candles_candle" VALUES(19,'Perfumia','2020-05-09 15:11:12.011741',95,111,112,86,'');
INSERT INTO "amaranta_candles_candle" VALUES(20,'California Thanksgiving','2020-05-09 15:19:05.840136',95,113,114,86,'150 F final pour.');
INSERT INTO "amaranta_candles_candle" VALUES(21,'Mulling Season','2020-05-09 20:42:01.154311',95,115,116,86,'165 F scent pour.
105 F');
INSERT INTO "amaranta_candles_candle" VALUES(22,'Pacific Flotsam','2020-05-09 22:45:09.823252',117,118,119,86,'195F scent pour.

Heated jar to 120F, left in oven (off) while it cooled. After 10 mins, still totally liquid, at 110F air temp. Left in at 4:00pm. At 4:51pm the oven 200F. 150F at 4:58pm. 125F at 5:31pm. 150F at 5:42pm.');
INSERT INTO "amaranta_candles_candle" VALUES(23,'Kukai','2020-05-09 22:52:54.272085',117,120,121,86,'Left in the oven at 140-150F for ? minutes.
4:41pm: Had to pour 3oz less because vessel was too long.
180F final pour.

Poured remaining 3oz into smallest jar.
Poured 3oz of Austin on top after bottom half cooled.
Not put in the oven.

There is another entry later in the logbook called Quoi that is possibly this. Though I feel like at the time, the smallest jar was accounted for?');
INSERT INTO "amaranta_candles_candle" VALUES(24,'Twilight Souq','2020-05-09 22:57:29.087449',117,122,123,86,'Same oven details as listed in the batch, but just at 110F to start with. 4:17pm.');
INSERT INTO "amaranta_candles_candle" VALUES(25,'Austin','2020-05-09 23:03:15.980100',117,124,125,86,'This proportions should be scaled down given that the amounts were used for both this and "Small Jar".

TODO Come back to this and the small jar one and quoi and figure it all out and get the proportions right.');
INSERT INTO "amaranta_candles_candle" VALUES(26,'Eau de Tonque','2020-05-09 23:51:50.515197',117,126,127,86,'');
INSERT INTO "amaranta_candles_candle" VALUES(27,'Helia','2020-05-09 23:53:12.868701',117,96,128,86,'');
INSERT INTO "amaranta_candles_candle" VALUES(28,'The Lighthouse','2020-05-09 23:55:09.347204',117,129,130,86,'');
INSERT INTO "amaranta_candles_candle" VALUES(29,'The Lighthouse','2020-05-09 23:56:44.366017',117,129,131,86,'');
INSERT INTO "amaranta_candles_candle" VALUES(30,'Esalen','2020-05-09 23:59:28.846546',117,132,133,86,'');
INSERT INTO "amaranta_candles_candle" VALUES(31,'Esalen','2020-05-09 23:59:48.011951',117,132,133,86,'');
INSERT INTO "amaranta_candles_candle" VALUES(32,'Quoi','2020-05-10 00:01:28.736132',117,134,135,86,'We don''t really know what this is. We''re somewhat sure that it is 100% Grapefruit and Mangosteen. We found this from this batch with no entry in the log.');
INSERT INTO "amaranta_candles_candle" VALUES(33,'Aries','2020-05-10 01:40:20.586340',136,137,138,86,'155F final pour.

We overdid the amount of wax for this one by 4 oz. We went 16oz here, but eventually ramped down to 12oz.

A little bit of the excess of Taurus was used to top this off.');
INSERT INTO "amaranta_candles_candle" VALUES(34,'Taurus','2020-05-10 01:43:27.631116',136,139,138,86,'2oz of the previous candle (Aries) was added to this.

The excess of Gemini was used to top this off.

Note that we added more scent than we normally would.');
INSERT INTO "amaranta_candles_candle" VALUES(35,'Gemini','2020-05-10 01:48:56.691521',136,140,138,86,'The excess of this candle was used to top off Taurus.

Note that we added more than we normally would.');
INSERT INTO "amaranta_candles_candle" VALUES(36,'Cancer','2020-05-10 01:51:43.631688',136,141,138,86,'Note that the scent here is stronger than we usually do.');
INSERT INTO "amaranta_candles_candle" VALUES(37,'Leo','2020-05-10 01:55:16.359084',136,142,138,86,'This is the first one in the batch where we finally got the amount of wax right (12oz).

The scent was still strong here, 1oz to 12oz of wax (normally we do 1 to 16).');
INSERT INTO "amaranta_candles_candle" VALUES(38,'Virgo','2020-05-10 01:59:29.337752',136,143,138,86,'');
INSERT INTO "amaranta_candles_candle" VALUES(39,'Libra','2020-05-10 02:00:50.733926',136,144,138,86,'For this we went down to a normal scent ratio, 0.75oz of scent to 12oz of wax.

150F final pour.');
INSERT INTO "amaranta_candles_candle" VALUES(40,'Scorpio','2020-05-10 02:05:25.820253',136,145,138,86,'Final pour: 145F into heated jar.');
INSERT INTO "amaranta_candles_candle" VALUES(41,'Sagittarius','2020-05-10 02:28:15.253655',136,148,138,86,'Jar with actual fir in it.

Final pour: 150F.');
INSERT INTO "amaranta_candles_candle" VALUES(42,'Capricorn','2020-05-10 02:54:12.142280',136,149,138,86,'Final pour: 145F.');
INSERT INTO "amaranta_candles_candle" VALUES(43,'Aquarius','2020-05-10 02:58:07.199355',136,150,138,86,'Final pour: 150F.');
INSERT INTO "amaranta_candles_candle" VALUES(44,'Pisces','2020-05-10 03:00:11.469968',136,151,138,86,'Final pour: 127F.

We ran out of the original wax blend, so we added extra 464.');
INSERT INTO "amaranta_candles_candle" VALUES(45,'Sofia','2020-05-10 04:23:52.291002',152,153,154,86,'185F melt point.

115F pour point.');
INSERT INTO "amaranta_candles_candle" VALUES(46,'Sofia','2020-05-10 04:25:49.310479',152,153,155,86,'');
INSERT INTO "amaranta_candles_candle" VALUES(47,'Twenty One','2020-05-10 15:03:20.639196',152,156,157,86,'');
INSERT INTO "amaranta_candles_candle" VALUES(48,'Amelie','2021-09-04 17:13:17.711572',152,158,159,86,'"Lucy''s Candle"');
INSERT INTO "amaranta_candles_candle" VALUES(49,'Schwarzwald Roast','2021-09-04 17:16:15.664777',152,160,161,86,'');
INSERT INTO "amaranta_candles_candle" VALUES(50,'In the Garden','2021-09-04 17:18:05.202623',152,162,163,74,'');
INSERT INTO "amaranta_candles_candle" VALUES(51,'Monaco','2021-09-04 17:22:11.601032',152,165,166,73,'');
INSERT INTO "amaranta_candles_candle" VALUES(52,'Old Fashioned','2021-09-04 17:27:06.504492',152,167,168,86,'');
INSERT INTO "amaranta_candles_candle" VALUES(53,'42020 42020','2021-09-04 17:29:37.677799',152,169,170,86,'');
INSERT INTO "amaranta_candles_candle" VALUES(54,'Hemingway''s Vice','2021-09-04 17:31:13.761644',152,171,172,86,'');
INSERT INTO "amaranta_candles_candle" VALUES(55,'San Lucia','2021-09-04 17:39:58.951296',152,173,170,86,'Toby says this reminds him 100% of Lisbon.');
INSERT INTO "amaranta_candles_candle" VALUES(56,'Totality','2021-09-04 17:41:05.410913',152,175,176,86,'');
INSERT INTO "amaranta_candles_candle" VALUES(57,'Witch Bolt','2022-03-12 21:57:04.074182',177,178,179,74,'The smell of your flesh being burned off by an evil witch.

Made by Fatema.');
INSERT INTO "amaranta_candles_candle" VALUES(58,'Unseen Servant','2022-03-12 22:12:32.743812',177,180,179,74,'An innocuous gust of wind pushes past you, and you see your laundry folded on the bed.

Made by Kelly.');
INSERT INTO "amaranta_candles_candle" VALUES(59,'Eccentric Barbarian','2022-03-12 22:25:29.589206',177,181,182,86,'You spot the barbarian negging his foe with colorful plumage.

Made by Daniel');
INSERT INTO "amaranta_candles_candle" VALUES(60,'Goodberry','2022-03-12 22:33:10.443211',177,183,184,86,'You eat a banana and you feel better.

Made by Kelly.');
INSERT INTO "amaranta_candles_candle" VALUES(61,'Chubby Bard','2022-03-12 22:45:07.715149',177,185,179,86,'Imagine a Chubby Bard spilling their whiskey sour on themselves, then going to the bathroom and spraying on the bathroom furniture.

Made by Fatema');
INSERT INTO "amaranta_candles_candle" VALUES(62,'Druidcraft','2022-03-12 22:59:48.484945',177,187,179,86,'Made by Kelly.');
INSERT INTO "amaranta_candles_candle" VALUES(63,'Swarmkeeper Ovi','2022-03-12 23:07:15.399430',177,186,179,73,'Born from the fire, Ovi has suffered and been reborn.

Made by Yimeng.');
INSERT INTO "amaranta_candles_candle" VALUES(64,'Silverymoon','2022-03-12 23:25:04.362347',177,188,179,73,'Elves find love gathering in the forest.

Made by Daniel.');
INSERT INTO "amaranta_candles_candle" VALUES(65,'Featherfall','2022-03-12 23:35:31.929356',177,189,179,73,'A golden feather bonds you and an eladrin woman.

Made by Yimeng.

The last of the wax in the pot for this blend, so we couldn''t fill it up all the way.');
INSERT INTO "amaranta_candles_candle" VALUES(66,'Santa''s Garden','2023-12-23 18:37:23.743877',192,211,212,206,'We took too long to do the final pour the first time and it congealed entirely in the intermediate vessel. We remelted it. Final pour temp: 48 C');
INSERT INTO "amaranta_candles_candle" VALUES(67,'Blitzen''s Stroll','2023-12-23 18:39:43.390728',192,211,214,210,'Overflowed into little jam jar. We called it Blitzenson. No separate entry for that. Final pour temp: 54 C.');
INSERT INTO "amaranta_candles_candle" VALUES(68,'Little Surprise','2023-12-23 18:42:20.483904',192,215,216,207,'Wick detached from bottom, held it in place from top but it was bent. Final pour temp: 49 C.');
INSERT INTO "amaranta_candles_candle" VALUES(69,'Intemperance','2023-12-23 18:44:43.624463',192,217,218,206,'Poured at: 50 C. Poured in much more sent than intended (the target was 0.5oz).');
INSERT INTO "amaranta_candles_candle" VALUES(70,'Postprandial Somnolence','2023-12-23 18:46:42.085827',192,220,219,207,'Poured at 51 C.');
INSERT INTO "amaranta_candles_candle" VALUES(71,'Wild Dog’s Card','2023-12-23 18:49:05.234782',192,221,222,210,'Ended up with 3.5 oz maybe. We had 2.6oz to begin with, added a little more and reheated. Poured at 51 C. Candle wasn’t quite full. Residue from fourth or fifth candle (Intemperance or Postprandial Somnolence).');
CREATE TABLE "amaranta_candles_candle_dyes_with_amounts" ("id" integer NOT NULL PRIMARY KEY AUTOINCREMENT, "candle_id" integer NOT NULL REFERENCES "amaranta_candles_candle" ("id") DEFERRABLE INITIALLY DEFERRED, "dyewithamount_id" integer NOT NULL REFERENCES "amaranta_candles_dyewithamount" ("id") DEFERRABLE INITIALLY DEFERRED);
INSERT INTO "amaranta_candles_candle_dyes_with_amounts" VALUES(2,41,4);
INSERT INTO "amaranta_candles_candle_dyes_with_amounts" VALUES(3,42,5);
INSERT INTO "amaranta_candles_candle_dyes_with_amounts" VALUES(4,42,6);
INSERT INTO "amaranta_candles_candle_dyes_with_amounts" VALUES(5,43,6);
INSERT INTO "amaranta_candles_candle_dyes_with_amounts" VALUES(6,43,7);
INSERT INTO "amaranta_candles_candle_dyes_with_amounts" VALUES(7,44,8);
INSERT INTO "amaranta_candles_candle_dyes_with_amounts" VALUES(8,48,5);
INSERT INTO "amaranta_candles_candle_dyes_with_amounts" VALUES(9,48,7);
INSERT INTO "amaranta_candles_candle_dyes_with_amounts" VALUES(10,49,9);
INSERT INTO "amaranta_candles_candle_dyes_with_amounts" VALUES(11,54,8);
INSERT INTO "amaranta_candles_candle_dyes_with_amounts" VALUES(12,54,4);
INSERT INTO "amaranta_candles_candle_dyes_with_amounts" VALUES(13,56,5);
INSERT INTO "amaranta_candles_candle_dyes_with_amounts" VALUES(14,56,6);
INSERT INTO "amaranta_candles_candle_dyes_with_amounts" VALUES(15,56,7);
INSERT INTO "amaranta_candles_candle_dyes_with_amounts" VALUES(16,57,9);
INSERT INTO "amaranta_candles_candle_dyes_with_amounts" VALUES(17,59,8);
INSERT INTO "amaranta_candles_candle_dyes_with_amounts" VALUES(18,59,9);
INSERT INTO "amaranta_candles_candle_dyes_with_amounts" VALUES(19,60,9);
INSERT INTO "amaranta_candles_candle_dyes_with_amounts" VALUES(20,61,12);
INSERT INTO "amaranta_candles_candle_dyes_with_amounts" VALUES(21,62,6);
INSERT INTO "amaranta_candles_candle_dyes_with_amounts" VALUES(22,62,7);
INSERT INTO "amaranta_candles_candle_dyes_with_amounts" VALUES(23,63,9);
INSERT INTO "amaranta_candles_candle_dyes_with_amounts" VALUES(24,63,5);
INSERT INTO "amaranta_candles_candle_dyes_with_amounts" VALUES(25,64,6);
INSERT INTO "amaranta_candles_candle_dyes_with_amounts" VALUES(26,64,7);
INSERT INTO "amaranta_candles_candle_dyes_with_amounts" VALUES(27,64,5);
INSERT INTO "amaranta_candles_candle_dyes_with_amounts" VALUES(28,65,6);
INSERT INTO "amaranta_candles_candle_dyes_with_amounts" VALUES(29,67,13);
INSERT INTO "amaranta_candles_candle_dyes_with_amounts" VALUES(30,67,14);
INSERT INTO "amaranta_candles_candle_dyes_with_amounts" VALUES(31,68,15);
INSERT INTO "amaranta_candles_candle_dyes_with_amounts" VALUES(32,69,16);
INSERT INTO "amaranta_candles_candle_dyes_with_amounts" VALUES(33,69,17);
INSERT INTO "amaranta_candles_candle_dyes_with_amounts" VALUES(34,70,18);
INSERT INTO "amaranta_candles_candle_dyes_with_amounts" VALUES(35,70,19);
INSERT INTO "amaranta_candles_candle_dyes_with_amounts" VALUES(36,71,20);
INSERT INTO "amaranta_candles_candle_dyes_with_amounts" VALUES(37,71,21);
INSERT INTO "amaranta_candles_candle_dyes_with_amounts" VALUES(38,71,22);
INSERT INTO "amaranta_candles_candle_dyes_with_amounts" VALUES(39,66,20);
INSERT INTO "amaranta_candles_candle_dyes_with_amounts" VALUES(40,66,22);
CREATE TABLE "amaranta_candles_candle_scents_with_amounts" ("id" integer NOT NULL PRIMARY KEY AUTOINCREMENT, "candle_id" integer NOT NULL REFERENCES "amaranta_candles_candle" ("id") DEFERRABLE INITIALLY DEFERRED, "scentwithamount_id" integer NOT NULL REFERENCES "amaranta_candles_scentwithamount" ("id") DEFERRABLE INITIALLY DEFERRED);
INSERT INTO "amaranta_candles_candle_scents_with_amounts" VALUES(9,6,13);
INSERT INTO "amaranta_candles_candle_scents_with_amounts" VALUES(10,6,14);
INSERT INTO "amaranta_candles_candle_scents_with_amounts" VALUES(11,5,3);
INSERT INTO "amaranta_candles_candle_scents_with_amounts" VALUES(12,5,4);
INSERT INTO "amaranta_candles_candle_scents_with_amounts" VALUES(13,7,16);
INSERT INTO "amaranta_candles_candle_scents_with_amounts" VALUES(14,7,15);
INSERT INTO "amaranta_candles_candle_scents_with_amounts" VALUES(15,8,17);
INSERT INTO "amaranta_candles_candle_scents_with_amounts" VALUES(16,8,18);
INSERT INTO "amaranta_candles_candle_scents_with_amounts" VALUES(17,8,19);
INSERT INTO "amaranta_candles_candle_scents_with_amounts" VALUES(18,9,20);
INSERT INTO "amaranta_candles_candle_scents_with_amounts" VALUES(19,9,21);
INSERT INTO "amaranta_candles_candle_scents_with_amounts" VALUES(20,9,22);
INSERT INTO "amaranta_candles_candle_scents_with_amounts" VALUES(21,9,23);
INSERT INTO "amaranta_candles_candle_scents_with_amounts" VALUES(24,11,27);
INSERT INTO "amaranta_candles_candle_scents_with_amounts" VALUES(25,11,28);
INSERT INTO "amaranta_candles_candle_scents_with_amounts" VALUES(26,10,29);
INSERT INTO "amaranta_candles_candle_scents_with_amounts" VALUES(27,10,30);
INSERT INTO "amaranta_candles_candle_scents_with_amounts" VALUES(28,12,32);
INSERT INTO "amaranta_candles_candle_scents_with_amounts" VALUES(29,12,31);
INSERT INTO "amaranta_candles_candle_scents_with_amounts" VALUES(30,13,33);
INSERT INTO "amaranta_candles_candle_scents_with_amounts" VALUES(31,13,34);
INSERT INTO "amaranta_candles_candle_scents_with_amounts" VALUES(32,14,35);
INSERT INTO "amaranta_candles_candle_scents_with_amounts" VALUES(33,14,36);
INSERT INTO "amaranta_candles_candle_scents_with_amounts" VALUES(34,15,37);
INSERT INTO "amaranta_candles_candle_scents_with_amounts" VALUES(35,15,38);
INSERT INTO "amaranta_candles_candle_scents_with_amounts" VALUES(36,15,39);
INSERT INTO "amaranta_candles_candle_scents_with_amounts" VALUES(37,16,40);
INSERT INTO "amaranta_candles_candle_scents_with_amounts" VALUES(38,16,41);
INSERT INTO "amaranta_candles_candle_scents_with_amounts" VALUES(39,16,42);
INSERT INTO "amaranta_candles_candle_scents_with_amounts" VALUES(40,16,43);
INSERT INTO "amaranta_candles_candle_scents_with_amounts" VALUES(41,16,44);
INSERT INTO "amaranta_candles_candle_scents_with_amounts" VALUES(42,17,45);
INSERT INTO "amaranta_candles_candle_scents_with_amounts" VALUES(43,17,46);
INSERT INTO "amaranta_candles_candle_scents_with_amounts" VALUES(44,17,47);
INSERT INTO "amaranta_candles_candle_scents_with_amounts" VALUES(45,17,48);
INSERT INTO "amaranta_candles_candle_scents_with_amounts" VALUES(46,17,49);
INSERT INTO "amaranta_candles_candle_scents_with_amounts" VALUES(47,18,50);
INSERT INTO "amaranta_candles_candle_scents_with_amounts" VALUES(48,18,51);
INSERT INTO "amaranta_candles_candle_scents_with_amounts" VALUES(49,19,52);
INSERT INTO "amaranta_candles_candle_scents_with_amounts" VALUES(50,19,53);
INSERT INTO "amaranta_candles_candle_scents_with_amounts" VALUES(51,20,54);
INSERT INTO "amaranta_candles_candle_scents_with_amounts" VALUES(52,20,55);
INSERT INTO "amaranta_candles_candle_scents_with_amounts" VALUES(53,21,56);
INSERT INTO "amaranta_candles_candle_scents_with_amounts" VALUES(54,21,57);
INSERT INTO "amaranta_candles_candle_scents_with_amounts" VALUES(55,21,58);
INSERT INTO "amaranta_candles_candle_scents_with_amounts" VALUES(56,21,59);
INSERT INTO "amaranta_candles_candle_scents_with_amounts" VALUES(57,22,60);
INSERT INTO "amaranta_candles_candle_scents_with_amounts" VALUES(58,22,61);
INSERT INTO "amaranta_candles_candle_scents_with_amounts" VALUES(59,22,62);
INSERT INTO "amaranta_candles_candle_scents_with_amounts" VALUES(60,23,64);
INSERT INTO "amaranta_candles_candle_scents_with_amounts" VALUES(61,23,65);
INSERT INTO "amaranta_candles_candle_scents_with_amounts" VALUES(62,23,63);
INSERT INTO "amaranta_candles_candle_scents_with_amounts" VALUES(63,24,66);
INSERT INTO "amaranta_candles_candle_scents_with_amounts" VALUES(64,24,67);
INSERT INTO "amaranta_candles_candle_scents_with_amounts" VALUES(65,24,68);
INSERT INTO "amaranta_candles_candle_scents_with_amounts" VALUES(66,25,69);
INSERT INTO "amaranta_candles_candle_scents_with_amounts" VALUES(67,25,70);
INSERT INTO "amaranta_candles_candle_scents_with_amounts" VALUES(68,25,71);
INSERT INTO "amaranta_candles_candle_scents_with_amounts" VALUES(69,26,72);
INSERT INTO "amaranta_candles_candle_scents_with_amounts" VALUES(70,26,73);
INSERT INTO "amaranta_candles_candle_scents_with_amounts" VALUES(71,27,74);
INSERT INTO "amaranta_candles_candle_scents_with_amounts" VALUES(72,27,75);
INSERT INTO "amaranta_candles_candle_scents_with_amounts" VALUES(73,28,77);
INSERT INTO "amaranta_candles_candle_scents_with_amounts" VALUES(74,28,78);
INSERT INTO "amaranta_candles_candle_scents_with_amounts" VALUES(75,29,80);
INSERT INTO "amaranta_candles_candle_scents_with_amounts" VALUES(76,29,79);
INSERT INTO "amaranta_candles_candle_scents_with_amounts" VALUES(77,30,81);
INSERT INTO "amaranta_candles_candle_scents_with_amounts" VALUES(78,30,82);
INSERT INTO "amaranta_candles_candle_scents_with_amounts" VALUES(79,30,83);
INSERT INTO "amaranta_candles_candle_scents_with_amounts" VALUES(80,30,84);
INSERT INTO "amaranta_candles_candle_scents_with_amounts" VALUES(81,31,81);
INSERT INTO "amaranta_candles_candle_scents_with_amounts" VALUES(82,31,82);
INSERT INTO "amaranta_candles_candle_scents_with_amounts" VALUES(83,31,83);
INSERT INTO "amaranta_candles_candle_scents_with_amounts" VALUES(84,31,84);
INSERT INTO "amaranta_candles_candle_scents_with_amounts" VALUES(85,32,85);
INSERT INTO "amaranta_candles_candle_scents_with_amounts" VALUES(86,33,86);
INSERT INTO "amaranta_candles_candle_scents_with_amounts" VALUES(87,33,87);
INSERT INTO "amaranta_candles_candle_scents_with_amounts" VALUES(97,34,97);
INSERT INTO "amaranta_candles_candle_scents_with_amounts" VALUES(98,34,98);
INSERT INTO "amaranta_candles_candle_scents_with_amounts" VALUES(99,35,99);
INSERT INTO "amaranta_candles_candle_scents_with_amounts" VALUES(100,35,100);
INSERT INTO "amaranta_candles_candle_scents_with_amounts" VALUES(101,35,101);
INSERT INTO "amaranta_candles_candle_scents_with_amounts" VALUES(102,36,102);
INSERT INTO "amaranta_candles_candle_scents_with_amounts" VALUES(103,36,103);
INSERT INTO "amaranta_candles_candle_scents_with_amounts" VALUES(104,37,104);
INSERT INTO "amaranta_candles_candle_scents_with_amounts" VALUES(105,37,105);
INSERT INTO "amaranta_candles_candle_scents_with_amounts" VALUES(106,38,106);
INSERT INTO "amaranta_candles_candle_scents_with_amounts" VALUES(107,38,107);
INSERT INTO "amaranta_candles_candle_scents_with_amounts" VALUES(110,40,110);
INSERT INTO "amaranta_candles_candle_scents_with_amounts" VALUES(111,40,111);
INSERT INTO "amaranta_candles_candle_scents_with_amounts" VALUES(112,39,112);
INSERT INTO "amaranta_candles_candle_scents_with_amounts" VALUES(113,39,113);
INSERT INTO "amaranta_candles_candle_scents_with_amounts" VALUES(114,41,114);
INSERT INTO "amaranta_candles_candle_scents_with_amounts" VALUES(115,41,115);
INSERT INTO "amaranta_candles_candle_scents_with_amounts" VALUES(116,42,116);
INSERT INTO "amaranta_candles_candle_scents_with_amounts" VALUES(117,42,117);
INSERT INTO "amaranta_candles_candle_scents_with_amounts" VALUES(118,43,118);
INSERT INTO "amaranta_candles_candle_scents_with_amounts" VALUES(119,43,119);
INSERT INTO "amaranta_candles_candle_scents_with_amounts" VALUES(120,44,120);
INSERT INTO "amaranta_candles_candle_scents_with_amounts" VALUES(121,44,121);
INSERT INTO "amaranta_candles_candle_scents_with_amounts" VALUES(122,45,122);
INSERT INTO "amaranta_candles_candle_scents_with_amounts" VALUES(123,45,123);
INSERT INTO "amaranta_candles_candle_scents_with_amounts" VALUES(124,46,124);
INSERT INTO "amaranta_candles_candle_scents_with_amounts" VALUES(125,46,125);
INSERT INTO "amaranta_candles_candle_scents_with_amounts" VALUES(126,47,126);
INSERT INTO "amaranta_candles_candle_scents_with_amounts" VALUES(127,47,127);
INSERT INTO "amaranta_candles_candle_scents_with_amounts" VALUES(128,48,128);
INSERT INTO "amaranta_candles_candle_scents_with_amounts" VALUES(129,48,129);
INSERT INTO "amaranta_candles_candle_scents_with_amounts" VALUES(130,48,130);
INSERT INTO "amaranta_candles_candle_scents_with_amounts" VALUES(131,48,131);
INSERT INTO "amaranta_candles_candle_scents_with_amounts" VALUES(132,49,132);
INSERT INTO "amaranta_candles_candle_scents_with_amounts" VALUES(133,49,133);
INSERT INTO "amaranta_candles_candle_scents_with_amounts" VALUES(134,49,134);
INSERT INTO "amaranta_candles_candle_scents_with_amounts" VALUES(135,50,136);
INSERT INTO "amaranta_candles_candle_scents_with_amounts" VALUES(136,50,135);
INSERT INTO "amaranta_candles_candle_scents_with_amounts" VALUES(137,51,137);
INSERT INTO "amaranta_candles_candle_scents_with_amounts" VALUES(138,51,138);
INSERT INTO "amaranta_candles_candle_scents_with_amounts" VALUES(139,51,139);
INSERT INTO "amaranta_candles_candle_scents_with_amounts" VALUES(140,52,140);
INSERT INTO "amaranta_candles_candle_scents_with_amounts" VALUES(141,52,141);
INSERT INTO "amaranta_candles_candle_scents_with_amounts" VALUES(142,53,142);
INSERT INTO "amaranta_candles_candle_scents_with_amounts" VALUES(143,53,143);
INSERT INTO "amaranta_candles_candle_scents_with_amounts" VALUES(144,54,144);
INSERT INTO "amaranta_candles_candle_scents_with_amounts" VALUES(145,54,145);
INSERT INTO "amaranta_candles_candle_scents_with_amounts" VALUES(146,55,146);
INSERT INTO "amaranta_candles_candle_scents_with_amounts" VALUES(147,55,147);
INSERT INTO "amaranta_candles_candle_scents_with_amounts" VALUES(148,56,148);
INSERT INTO "amaranta_candles_candle_scents_with_amounts" VALUES(149,56,149);
INSERT INTO "amaranta_candles_candle_scents_with_amounts" VALUES(150,57,152);
INSERT INTO "amaranta_candles_candle_scents_with_amounts" VALUES(151,57,150);
INSERT INTO "amaranta_candles_candle_scents_with_amounts" VALUES(152,57,151);
INSERT INTO "amaranta_candles_candle_scents_with_amounts" VALUES(153,58,153);
INSERT INTO "amaranta_candles_candle_scents_with_amounts" VALUES(154,58,154);
INSERT INTO "amaranta_candles_candle_scents_with_amounts" VALUES(155,59,160);
INSERT INTO "amaranta_candles_candle_scents_with_amounts" VALUES(156,59,159);
INSERT INTO "amaranta_candles_candle_scents_with_amounts" VALUES(157,60,161);
INSERT INTO "amaranta_candles_candle_scents_with_amounts" VALUES(158,60,162);
INSERT INTO "amaranta_candles_candle_scents_with_amounts" VALUES(159,60,163);
INSERT INTO "amaranta_candles_candle_scents_with_amounts" VALUES(160,61,164);
INSERT INTO "amaranta_candles_candle_scents_with_amounts" VALUES(161,61,165);
INSERT INTO "amaranta_candles_candle_scents_with_amounts" VALUES(162,61,166);
INSERT INTO "amaranta_candles_candle_scents_with_amounts" VALUES(163,62,168);
INSERT INTO "amaranta_candles_candle_scents_with_amounts" VALUES(164,62,169);
INSERT INTO "amaranta_candles_candle_scents_with_amounts" VALUES(165,62,167);
INSERT INTO "amaranta_candles_candle_scents_with_amounts" VALUES(168,63,173);
INSERT INTO "amaranta_candles_candle_scents_with_amounts" VALUES(169,63,174);
INSERT INTO "amaranta_candles_candle_scents_with_amounts" VALUES(170,63,175);
INSERT INTO "amaranta_candles_candle_scents_with_amounts" VALUES(173,64,178);
INSERT INTO "amaranta_candles_candle_scents_with_amounts" VALUES(174,64,179);
INSERT INTO "amaranta_candles_candle_scents_with_amounts" VALUES(175,65,180);
INSERT INTO "amaranta_candles_candle_scents_with_amounts" VALUES(176,65,181);
INSERT INTO "amaranta_candles_candle_scents_with_amounts" VALUES(177,66,182);
INSERT INTO "amaranta_candles_candle_scents_with_amounts" VALUES(178,66,183);
INSERT INTO "amaranta_candles_candle_scents_with_amounts" VALUES(179,67,184);
INSERT INTO "amaranta_candles_candle_scents_with_amounts" VALUES(180,67,185);
INSERT INTO "amaranta_candles_candle_scents_with_amounts" VALUES(181,68,186);
INSERT INTO "amaranta_candles_candle_scents_with_amounts" VALUES(182,68,187);
INSERT INTO "amaranta_candles_candle_scents_with_amounts" VALUES(183,69,188);
INSERT INTO "amaranta_candles_candle_scents_with_amounts" VALUES(184,70,189);
INSERT INTO "amaranta_candles_candle_scents_with_amounts" VALUES(185,70,190);
INSERT INTO "amaranta_candles_candle_scents_with_amounts" VALUES(186,71,192);
INSERT INTO "amaranta_candles_candle_scents_with_amounts" VALUES(187,71,191);
CREATE TABLE "amaranta_candles_candle_waxes_with_amounts" ("id" integer NOT NULL PRIMARY KEY AUTOINCREMENT, "candle_id" integer NOT NULL REFERENCES "amaranta_candles_candle" ("id") DEFERRABLE INITIALLY DEFERRED, "waxwithamount_id" integer NOT NULL REFERENCES "amaranta_candles_waxwithamount" ("id") DEFERRABLE INITIALLY DEFERRED);
INSERT INTO "amaranta_candles_candle_waxes_with_amounts" VALUES(5,6,7);
INSERT INTO "amaranta_candles_candle_waxes_with_amounts" VALUES(6,5,2);
INSERT INTO "amaranta_candles_candle_waxes_with_amounts" VALUES(7,7,8);
INSERT INTO "amaranta_candles_candle_waxes_with_amounts" VALUES(8,8,9);
INSERT INTO "amaranta_candles_candle_waxes_with_amounts" VALUES(9,9,10);
INSERT INTO "amaranta_candles_candle_waxes_with_amounts" VALUES(10,10,2);
INSERT INTO "amaranta_candles_candle_waxes_with_amounts" VALUES(11,11,11);
INSERT INTO "amaranta_candles_candle_waxes_with_amounts" VALUES(12,12,11);
INSERT INTO "amaranta_candles_candle_waxes_with_amounts" VALUES(13,13,12);
INSERT INTO "amaranta_candles_candle_waxes_with_amounts" VALUES(14,14,10);
INSERT INTO "amaranta_candles_candle_waxes_with_amounts" VALUES(15,15,13);
INSERT INTO "amaranta_candles_candle_waxes_with_amounts" VALUES(16,16,11);
INSERT INTO "amaranta_candles_candle_waxes_with_amounts" VALUES(17,17,9);
INSERT INTO "amaranta_candles_candle_waxes_with_amounts" VALUES(18,18,14);
INSERT INTO "amaranta_candles_candle_waxes_with_amounts" VALUES(19,19,16);
INSERT INTO "amaranta_candles_candle_waxes_with_amounts" VALUES(20,19,15);
INSERT INTO "amaranta_candles_candle_waxes_with_amounts" VALUES(21,20,11);
INSERT INTO "amaranta_candles_candle_waxes_with_amounts" VALUES(22,21,17);
INSERT INTO "amaranta_candles_candle_waxes_with_amounts" VALUES(23,22,18);
INSERT INTO "amaranta_candles_candle_waxes_with_amounts" VALUES(24,22,19);
INSERT INTO "amaranta_candles_candle_waxes_with_amounts" VALUES(25,23,11);
INSERT INTO "amaranta_candles_candle_waxes_with_amounts" VALUES(26,23,20);
INSERT INTO "amaranta_candles_candle_waxes_with_amounts" VALUES(27,24,21);
INSERT INTO "amaranta_candles_candle_waxes_with_amounts" VALUES(28,25,22);
INSERT INTO "amaranta_candles_candle_waxes_with_amounts" VALUES(29,25,23);
INSERT INTO "amaranta_candles_candle_waxes_with_amounts" VALUES(30,26,24);
INSERT INTO "amaranta_candles_candle_waxes_with_amounts" VALUES(31,27,25);
INSERT INTO "amaranta_candles_candle_waxes_with_amounts" VALUES(32,27,26);
INSERT INTO "amaranta_candles_candle_waxes_with_amounts" VALUES(33,28,27);
INSERT INTO "amaranta_candles_candle_waxes_with_amounts" VALUES(34,29,28);
INSERT INTO "amaranta_candles_candle_waxes_with_amounts" VALUES(35,30,29);
INSERT INTO "amaranta_candles_candle_waxes_with_amounts" VALUES(36,31,29);
INSERT INTO "amaranta_candles_candle_waxes_with_amounts" VALUES(37,32,9);
INSERT INTO "amaranta_candles_candle_waxes_with_amounts" VALUES(40,33,32);
INSERT INTO "amaranta_candles_candle_waxes_with_amounts" VALUES(41,33,31);
INSERT INTO "amaranta_candles_candle_waxes_with_amounts" VALUES(42,34,33);
INSERT INTO "amaranta_candles_candle_waxes_with_amounts" VALUES(43,34,34);
INSERT INTO "amaranta_candles_candle_waxes_with_amounts" VALUES(44,35,33);
INSERT INTO "amaranta_candles_candle_waxes_with_amounts" VALUES(45,35,34);
INSERT INTO "amaranta_candles_candle_waxes_with_amounts" VALUES(46,36,33);
INSERT INTO "amaranta_candles_candle_waxes_with_amounts" VALUES(47,36,34);
INSERT INTO "amaranta_candles_candle_waxes_with_amounts" VALUES(48,37,35);
INSERT INTO "amaranta_candles_candle_waxes_with_amounts" VALUES(49,37,37);
INSERT INTO "amaranta_candles_candle_waxes_with_amounts" VALUES(50,38,35);
INSERT INTO "amaranta_candles_candle_waxes_with_amounts" VALUES(51,38,37);
INSERT INTO "amaranta_candles_candle_waxes_with_amounts" VALUES(52,39,35);
INSERT INTO "amaranta_candles_candle_waxes_with_amounts" VALUES(53,39,37);
INSERT INTO "amaranta_candles_candle_waxes_with_amounts" VALUES(54,40,35);
INSERT INTO "amaranta_candles_candle_waxes_with_amounts" VALUES(55,40,37);
INSERT INTO "amaranta_candles_candle_waxes_with_amounts" VALUES(56,41,35);
INSERT INTO "amaranta_candles_candle_waxes_with_amounts" VALUES(57,41,37);
INSERT INTO "amaranta_candles_candle_waxes_with_amounts" VALUES(58,42,35);
INSERT INTO "amaranta_candles_candle_waxes_with_amounts" VALUES(59,42,37);
INSERT INTO "amaranta_candles_candle_waxes_with_amounts" VALUES(60,43,35);
INSERT INTO "amaranta_candles_candle_waxes_with_amounts" VALUES(61,43,37);
INSERT INTO "amaranta_candles_candle_waxes_with_amounts" VALUES(64,44,38);
INSERT INTO "amaranta_candles_candle_waxes_with_amounts" VALUES(65,44,39);
INSERT INTO "amaranta_candles_candle_waxes_with_amounts" VALUES(66,45,40);
INSERT INTO "amaranta_candles_candle_waxes_with_amounts" VALUES(67,46,41);
INSERT INTO "amaranta_candles_candle_waxes_with_amounts" VALUES(68,47,42);
INSERT INTO "amaranta_candles_candle_waxes_with_amounts" VALUES(69,48,2);
INSERT INTO "amaranta_candles_candle_waxes_with_amounts" VALUES(70,49,2);
INSERT INTO "amaranta_candles_candle_waxes_with_amounts" VALUES(71,50,15);
INSERT INTO "amaranta_candles_candle_waxes_with_amounts" VALUES(72,51,44);
INSERT INTO "amaranta_candles_candle_waxes_with_amounts" VALUES(73,52,44);
INSERT INTO "amaranta_candles_candle_waxes_with_amounts" VALUES(74,53,2);
INSERT INTO "amaranta_candles_candle_waxes_with_amounts" VALUES(75,54,9);
INSERT INTO "amaranta_candles_candle_waxes_with_amounts" VALUES(76,55,2);
INSERT INTO "amaranta_candles_candle_waxes_with_amounts" VALUES(77,56,17);
INSERT INTO "amaranta_candles_candle_waxes_with_amounts" VALUES(80,57,51);
INSERT INTO "amaranta_candles_candle_waxes_with_amounts" VALUES(81,57,52);
INSERT INTO "amaranta_candles_candle_waxes_with_amounts" VALUES(82,58,52);
INSERT INTO "amaranta_candles_candle_waxes_with_amounts" VALUES(83,58,53);
INSERT INTO "amaranta_candles_candle_waxes_with_amounts" VALUES(84,59,56);
INSERT INTO "amaranta_candles_candle_waxes_with_amounts" VALUES(85,59,55);
INSERT INTO "amaranta_candles_candle_waxes_with_amounts" VALUES(88,60,59);
INSERT INTO "amaranta_candles_candle_waxes_with_amounts" VALUES(89,60,60);
INSERT INTO "amaranta_candles_candle_waxes_with_amounts" VALUES(90,61,52);
INSERT INTO "amaranta_candles_candle_waxes_with_amounts" VALUES(91,61,53);
INSERT INTO "amaranta_candles_candle_waxes_with_amounts" VALUES(92,62,52);
INSERT INTO "amaranta_candles_candle_waxes_with_amounts" VALUES(93,62,54);
INSERT INTO "amaranta_candles_candle_waxes_with_amounts" VALUES(94,63,52);
INSERT INTO "amaranta_candles_candle_waxes_with_amounts" VALUES(95,63,54);
INSERT INTO "amaranta_candles_candle_waxes_with_amounts" VALUES(96,64,52);
INSERT INTO "amaranta_candles_candle_waxes_with_amounts" VALUES(97,64,53);
INSERT INTO "amaranta_candles_candle_waxes_with_amounts" VALUES(98,65,61);
INSERT INTO "amaranta_candles_candle_waxes_with_amounts" VALUES(99,65,62);
INSERT INTO "amaranta_candles_candle_waxes_with_amounts" VALUES(100,66,64);
INSERT INTO "amaranta_candles_candle_waxes_with_amounts" VALUES(101,66,65);
INSERT INTO "amaranta_candles_candle_waxes_with_amounts" VALUES(104,67,68);
INSERT INTO "amaranta_candles_candle_waxes_with_amounts" VALUES(105,67,69);
INSERT INTO "amaranta_candles_candle_waxes_with_amounts" VALUES(106,68,70);
INSERT INTO "amaranta_candles_candle_waxes_with_amounts" VALUES(107,68,71);
INSERT INTO "amaranta_candles_candle_waxes_with_amounts" VALUES(108,69,72);
INSERT INTO "amaranta_candles_candle_waxes_with_amounts" VALUES(109,69,73);
INSERT INTO "amaranta_candles_candle_waxes_with_amounts" VALUES(110,70,64);
INSERT INTO "amaranta_candles_candle_waxes_with_amounts" VALUES(111,70,65);
INSERT INTO "amaranta_candles_candle_waxes_with_amounts" VALUES(112,71,74);
INSERT INTO "amaranta_candles_candle_waxes_with_amounts" VALUES(113,71,75);
CREATE TABLE "amaranta_candles_dye" ("base_ptr_id" integer NOT NULL PRIMARY KEY REFERENCES "amaranta_candles_base" ("id") DEFERRABLE INITIALLY DEFERRED);
INSERT INTO "amaranta_candles_dye" VALUES(15);
INSERT INTO "amaranta_candles_dye" VALUES(22);
INSERT INTO "amaranta_candles_dye" VALUES(45);
INSERT INTO "amaranta_candles_dye" VALUES(199);
INSERT INTO "amaranta_candles_dye" VALUES(200);
INSERT INTO "amaranta_candles_dye" VALUES(201);
CREATE TABLE "amaranta_candles_dyewithamount" ("id" integer NOT NULL PRIMARY KEY AUTOINCREMENT, "amount" real NOT NULL, "dye_id" integer NOT NULL REFERENCES "amaranta_candles_dye" ("base_ptr_id") DEFERRABLE INITIALLY DEFERRED);
INSERT INTO "amaranta_candles_dyewithamount" VALUES(4,6.0,22);
INSERT INTO "amaranta_candles_dyewithamount" VALUES(5,1.0,22);
INSERT INTO "amaranta_candles_dyewithamount" VALUES(6,1.0,15);
INSERT INTO "amaranta_candles_dyewithamount" VALUES(7,1.0,45);
INSERT INTO "amaranta_candles_dyewithamount" VALUES(8,2.0,45);
INSERT INTO "amaranta_candles_dyewithamount" VALUES(9,2.0,15);
INSERT INTO "amaranta_candles_dyewithamount" VALUES(12,4.0,15);
INSERT INTO "amaranta_candles_dyewithamount" VALUES(13,2.0,201);
INSERT INTO "amaranta_candles_dyewithamount" VALUES(14,1.0,200);
INSERT INTO "amaranta_candles_dyewithamount" VALUES(15,1.0,199);
INSERT INTO "amaranta_candles_dyewithamount" VALUES(16,3.0,200);
INSERT INTO "amaranta_candles_dyewithamount" VALUES(17,4.0,199);
INSERT INTO "amaranta_candles_dyewithamount" VALUES(18,3.0,200);
INSERT INTO "amaranta_candles_dyewithamount" VALUES(19,2.0,201);
INSERT INTO "amaranta_candles_dyewithamount" VALUES(20,2.0,199);
INSERT INTO "amaranta_candles_dyewithamount" VALUES(21,1.0,200);
INSERT INTO "amaranta_candles_dyewithamount" VALUES(22,1.0,201);
CREATE TABLE "amaranta_candles_scent" ("base_ptr_id" integer NOT NULL PRIMARY KEY REFERENCES "amaranta_candles_base" ("id") DEFERRABLE INITIALLY DEFERRED, "url" varchar(256) NULL, "photo_link" varchar(256) NULL);
INSERT INTO "amaranta_candles_scent" VALUES(3,NULL,NULL);
INSERT INTO "amaranta_candles_scent" VALUES(4,NULL,NULL);
INSERT INTO "amaranta_candles_scent" VALUES(13,NULL,NULL);
INSERT INTO "amaranta_candles_scent" VALUES(14,NULL,NULL);
INSERT INTO "amaranta_candles_scent" VALUES(16,NULL,NULL);
INSERT INTO "amaranta_candles_scent" VALUES(17,NULL,NULL);
INSERT INTO "amaranta_candles_scent" VALUES(18,NULL,NULL);
INSERT INTO "amaranta_candles_scent" VALUES(19,'https://www.candlescience.com/fragrance/bamboo-and-coconut-fragrance-oil',NULL);
INSERT INTO "amaranta_candles_scent" VALUES(20,NULL,NULL);
INSERT INTO "amaranta_candles_scent" VALUES(21,NULL,NULL);
INSERT INTO "amaranta_candles_scent" VALUES(23,NULL,NULL);
INSERT INTO "amaranta_candles_scent" VALUES(24,NULL,NULL);
INSERT INTO "amaranta_candles_scent" VALUES(25,NULL,NULL);
INSERT INTO "amaranta_candles_scent" VALUES(26,NULL,NULL);
INSERT INTO "amaranta_candles_scent" VALUES(27,NULL,NULL);
INSERT INTO "amaranta_candles_scent" VALUES(28,NULL,NULL);
INSERT INTO "amaranta_candles_scent" VALUES(29,NULL,NULL);
INSERT INTO "amaranta_candles_scent" VALUES(30,NULL,NULL);
INSERT INTO "amaranta_candles_scent" VALUES(31,NULL,NULL);
INSERT INTO "amaranta_candles_scent" VALUES(32,NULL,NULL);
INSERT INTO "amaranta_candles_scent" VALUES(33,NULL,NULL);
INSERT INTO "amaranta_candles_scent" VALUES(34,NULL,NULL);
INSERT INTO "amaranta_candles_scent" VALUES(35,NULL,NULL);
INSERT INTO "amaranta_candles_scent" VALUES(36,NULL,NULL);
INSERT INTO "amaranta_candles_scent" VALUES(37,NULL,NULL);
INSERT INTO "amaranta_candles_scent" VALUES(38,NULL,NULL);
INSERT INTO "amaranta_candles_scent" VALUES(39,NULL,NULL);
INSERT INTO "amaranta_candles_scent" VALUES(40,NULL,NULL);
INSERT INTO "amaranta_candles_scent" VALUES(41,NULL,NULL);
INSERT INTO "amaranta_candles_scent" VALUES(42,NULL,NULL);
INSERT INTO "amaranta_candles_scent" VALUES(43,NULL,NULL);
INSERT INTO "amaranta_candles_scent" VALUES(44,NULL,NULL);
INSERT INTO "amaranta_candles_scent" VALUES(47,NULL,NULL);
INSERT INTO "amaranta_candles_scent" VALUES(48,NULL,NULL);
INSERT INTO "amaranta_candles_scent" VALUES(49,NULL,NULL);
INSERT INTO "amaranta_candles_scent" VALUES(50,NULL,NULL);
INSERT INTO "amaranta_candles_scent" VALUES(51,NULL,NULL);
INSERT INTO "amaranta_candles_scent" VALUES(52,NULL,NULL);
INSERT INTO "amaranta_candles_scent" VALUES(55,NULL,NULL);
INSERT INTO "amaranta_candles_scent" VALUES(56,NULL,NULL);
INSERT INTO "amaranta_candles_scent" VALUES(57,NULL,NULL);
INSERT INTO "amaranta_candles_scent" VALUES(58,NULL,NULL);
INSERT INTO "amaranta_candles_scent" VALUES(59,NULL,NULL);
INSERT INTO "amaranta_candles_scent" VALUES(60,NULL,NULL);
INSERT INTO "amaranta_candles_scent" VALUES(61,NULL,NULL);
INSERT INTO "amaranta_candles_scent" VALUES(62,NULL,NULL);
INSERT INTO "amaranta_candles_scent" VALUES(63,NULL,NULL);
INSERT INTO "amaranta_candles_scent" VALUES(64,NULL,NULL);
INSERT INTO "amaranta_candles_scent" VALUES(65,NULL,NULL);
INSERT INTO "amaranta_candles_scent" VALUES(66,NULL,NULL);
INSERT INTO "amaranta_candles_scent" VALUES(67,NULL,NULL);
INSERT INTO "amaranta_candles_scent" VALUES(193,NULL,NULL);
INSERT INTO "amaranta_candles_scent" VALUES(194,NULL,NULL);
INSERT INTO "amaranta_candles_scent" VALUES(195,NULL,NULL);
INSERT INTO "amaranta_candles_scent" VALUES(196,NULL,NULL);
INSERT INTO "amaranta_candles_scent" VALUES(197,NULL,NULL);
INSERT INTO "amaranta_candles_scent" VALUES(198,NULL,NULL);
CREATE TABLE "amaranta_candles_scentcombo" ("base_ptr_id" integer NOT NULL PRIMARY KEY REFERENCES "amaranta_candles_base" ("id") DEFERRABLE INITIALLY DEFERRED);
INSERT INTO "amaranta_candles_scentcombo" VALUES(12);
INSERT INTO "amaranta_candles_scentcombo" VALUES(87);
INSERT INTO "amaranta_candles_scentcombo" VALUES(89);
INSERT INTO "amaranta_candles_scentcombo" VALUES(91);
INSERT INTO "amaranta_candles_scentcombo" VALUES(93);
INSERT INTO "amaranta_candles_scentcombo" VALUES(96);
INSERT INTO "amaranta_candles_scentcombo" VALUES(99);
INSERT INTO "amaranta_candles_scentcombo" VALUES(101);
INSERT INTO "amaranta_candles_scentcombo" VALUES(103);
INSERT INTO "amaranta_candles_scentcombo" VALUES(104);
INSERT INTO "amaranta_candles_scentcombo" VALUES(106);
INSERT INTO "amaranta_candles_scentcombo" VALUES(109);
INSERT INTO "amaranta_candles_scentcombo" VALUES(111);
INSERT INTO "amaranta_candles_scentcombo" VALUES(113);
INSERT INTO "amaranta_candles_scentcombo" VALUES(115);
INSERT INTO "amaranta_candles_scentcombo" VALUES(118);
INSERT INTO "amaranta_candles_scentcombo" VALUES(120);
INSERT INTO "amaranta_candles_scentcombo" VALUES(122);
INSERT INTO "amaranta_candles_scentcombo" VALUES(124);
INSERT INTO "amaranta_candles_scentcombo" VALUES(126);
INSERT INTO "amaranta_candles_scentcombo" VALUES(129);
INSERT INTO "amaranta_candles_scentcombo" VALUES(132);
INSERT INTO "amaranta_candles_scentcombo" VALUES(134);
INSERT INTO "amaranta_candles_scentcombo" VALUES(137);
INSERT INTO "amaranta_candles_scentcombo" VALUES(139);
INSERT INTO "amaranta_candles_scentcombo" VALUES(140);
INSERT INTO "amaranta_candles_scentcombo" VALUES(141);
INSERT INTO "amaranta_candles_scentcombo" VALUES(142);
INSERT INTO "amaranta_candles_scentcombo" VALUES(143);
INSERT INTO "amaranta_candles_scentcombo" VALUES(144);
INSERT INTO "amaranta_candles_scentcombo" VALUES(145);
INSERT INTO "amaranta_candles_scentcombo" VALUES(146);
INSERT INTO "amaranta_candles_scentcombo" VALUES(148);
INSERT INTO "amaranta_candles_scentcombo" VALUES(149);
INSERT INTO "amaranta_candles_scentcombo" VALUES(150);
INSERT INTO "amaranta_candles_scentcombo" VALUES(151);
INSERT INTO "amaranta_candles_scentcombo" VALUES(153);
INSERT INTO "amaranta_candles_scentcombo" VALUES(156);
INSERT INTO "amaranta_candles_scentcombo" VALUES(158);
INSERT INTO "amaranta_candles_scentcombo" VALUES(160);
INSERT INTO "amaranta_candles_scentcombo" VALUES(162);
INSERT INTO "amaranta_candles_scentcombo" VALUES(165);
INSERT INTO "amaranta_candles_scentcombo" VALUES(167);
INSERT INTO "amaranta_candles_scentcombo" VALUES(169);
INSERT INTO "amaranta_candles_scentcombo" VALUES(171);
INSERT INTO "amaranta_candles_scentcombo" VALUES(173);
INSERT INTO "amaranta_candles_scentcombo" VALUES(175);
INSERT INTO "amaranta_candles_scentcombo" VALUES(178);
INSERT INTO "amaranta_candles_scentcombo" VALUES(180);
INSERT INTO "amaranta_candles_scentcombo" VALUES(181);
INSERT INTO "amaranta_candles_scentcombo" VALUES(183);
INSERT INTO "amaranta_candles_scentcombo" VALUES(185);
INSERT INTO "amaranta_candles_scentcombo" VALUES(186);
INSERT INTO "amaranta_candles_scentcombo" VALUES(187);
INSERT INTO "amaranta_candles_scentcombo" VALUES(188);
INSERT INTO "amaranta_candles_scentcombo" VALUES(189);
INSERT INTO "amaranta_candles_scentcombo" VALUES(211);
INSERT INTO "amaranta_candles_scentcombo" VALUES(215);
INSERT INTO "amaranta_candles_scentcombo" VALUES(217);
INSERT INTO "amaranta_candles_scentcombo" VALUES(220);
INSERT INTO "amaranta_candles_scentcombo" VALUES(221);
CREATE TABLE "amaranta_candles_scentcombo_scents" ("id" integer NOT NULL PRIMARY KEY AUTOINCREMENT, "scentcombo_id" integer NOT NULL REFERENCES "amaranta_candles_scentcombo" ("base_ptr_id") DEFERRABLE INITIALLY DEFERRED, "scent_id" integer NOT NULL REFERENCES "amaranta_candles_scent" ("base_ptr_id") DEFERRABLE INITIALLY DEFERRED);
INSERT INTO "amaranta_candles_scentcombo_scents" VALUES(4,12,64);
INSERT INTO "amaranta_candles_scentcombo_scents" VALUES(5,12,13);
INSERT INTO "amaranta_candles_scentcombo_scents" VALUES(6,87,58);
INSERT INTO "amaranta_candles_scentcombo_scents" VALUES(7,87,59);
INSERT INTO "amaranta_candles_scentcombo_scents" VALUES(8,89,65);
INSERT INTO "amaranta_candles_scentcombo_scents" VALUES(9,89,67);
INSERT INTO "amaranta_candles_scentcombo_scents" VALUES(10,91,64);
INSERT INTO "amaranta_candles_scentcombo_scents" VALUES(11,91,3);
INSERT INTO "amaranta_candles_scentcombo_scents" VALUES(12,91,62);
INSERT INTO "amaranta_candles_scentcombo_scents" VALUES(13,93,64);
INSERT INTO "amaranta_candles_scentcombo_scents" VALUES(14,93,66);
INSERT INTO "amaranta_candles_scentcombo_scents" VALUES(15,93,3);
INSERT INTO "amaranta_candles_scentcombo_scents" VALUES(16,93,13);
INSERT INTO "amaranta_candles_scentcombo_scents" VALUES(17,96,64);
INSERT INTO "amaranta_candles_scentcombo_scents" VALUES(18,96,66);
INSERT INTO "amaranta_candles_scentcombo_scents" VALUES(19,99,56);
INSERT INTO "amaranta_candles_scentcombo_scents" VALUES(20,99,61);
INSERT INTO "amaranta_candles_scentcombo_scents" VALUES(21,101,13);
INSERT INTO "amaranta_candles_scentcombo_scents" VALUES(22,101,63);
INSERT INTO "amaranta_candles_scentcombo_scents" VALUES(23,103,66);
INSERT INTO "amaranta_candles_scentcombo_scents" VALUES(24,103,61);
INSERT INTO "amaranta_candles_scentcombo_scents" VALUES(25,104,41);
INSERT INTO "amaranta_candles_scentcombo_scents" VALUES(26,104,3);
INSERT INTO "amaranta_candles_scentcombo_scents" VALUES(27,104,13);
INSERT INTO "amaranta_candles_scentcombo_scents" VALUES(28,106,66);
INSERT INTO "amaranta_candles_scentcombo_scents" VALUES(29,106,3);
INSERT INTO "amaranta_candles_scentcombo_scents" VALUES(30,106,13);
INSERT INTO "amaranta_candles_scentcombo_scents" VALUES(31,106,62);
INSERT INTO "amaranta_candles_scentcombo_scents" VALUES(32,106,64);
INSERT INTO "amaranta_candles_scentcombo_scents" VALUES(33,109,56);
INSERT INTO "amaranta_candles_scentcombo_scents" VALUES(34,109,65);
INSERT INTO "amaranta_candles_scentcombo_scents" VALUES(35,111,67);
INSERT INTO "amaranta_candles_scentcombo_scents" VALUES(36,111,61);
INSERT INTO "amaranta_candles_scentcombo_scents" VALUES(37,113,64);
INSERT INTO "amaranta_candles_scentcombo_scents" VALUES(38,113,58);
INSERT INTO "amaranta_candles_scentcombo_scents" VALUES(39,115,64);
INSERT INTO "amaranta_candles_scentcombo_scents" VALUES(40,115,57);
INSERT INTO "amaranta_candles_scentcombo_scents" VALUES(41,115,66);
INSERT INTO "amaranta_candles_scentcombo_scents" VALUES(42,115,13);
INSERT INTO "amaranta_candles_scentcombo_scents" VALUES(43,118,66);
INSERT INTO "amaranta_candles_scentcombo_scents" VALUES(44,118,3);
INSERT INTO "amaranta_candles_scentcombo_scents" VALUES(45,118,61);
INSERT INTO "amaranta_candles_scentcombo_scents" VALUES(46,120,65);
INSERT INTO "amaranta_candles_scentcombo_scents" VALUES(47,120,13);
INSERT INTO "amaranta_candles_scentcombo_scents" VALUES(48,120,61);
INSERT INTO "amaranta_candles_scentcombo_scents" VALUES(49,122,67);
INSERT INTO "amaranta_candles_scentcombo_scents" VALUES(50,122,62);
INSERT INTO "amaranta_candles_scentcombo_scents" VALUES(51,122,63);
INSERT INTO "amaranta_candles_scentcombo_scents" VALUES(52,124,41);
INSERT INTO "amaranta_candles_scentcombo_scents" VALUES(53,124,66);
INSERT INTO "amaranta_candles_scentcombo_scents" VALUES(54,124,3);
INSERT INTO "amaranta_candles_scentcombo_scents" VALUES(55,126,13);
INSERT INTO "amaranta_candles_scentcombo_scents" VALUES(56,126,55);
INSERT INTO "amaranta_candles_scentcombo_scents" VALUES(57,129,33);
INSERT INTO "amaranta_candles_scentcombo_scents" VALUES(58,129,13);
INSERT INTO "amaranta_candles_scentcombo_scents" VALUES(59,132,33);
INSERT INTO "amaranta_candles_scentcombo_scents" VALUES(60,132,66);
INSERT INTO "amaranta_candles_scentcombo_scents" VALUES(61,132,60);
INSERT INTO "amaranta_candles_scentcombo_scents" VALUES(62,132,13);
INSERT INTO "amaranta_candles_scentcombo_scents" VALUES(63,134,66);
INSERT INTO "amaranta_candles_scentcombo_scents" VALUES(64,137,41);
INSERT INTO "amaranta_candles_scentcombo_scents" VALUES(65,137,43);
INSERT INTO "amaranta_candles_scentcombo_scents" VALUES(66,139,44);
INSERT INTO "amaranta_candles_scentcombo_scents" VALUES(67,139,13);
INSERT INTO "amaranta_candles_scentcombo_scents" VALUES(68,140,26);
INSERT INTO "amaranta_candles_scentcombo_scents" VALUES(69,140,34);
INSERT INTO "amaranta_candles_scentcombo_scents" VALUES(70,140,13);
INSERT INTO "amaranta_candles_scentcombo_scents" VALUES(71,141,64);
INSERT INTO "amaranta_candles_scentcombo_scents" VALUES(72,141,39);
INSERT INTO "amaranta_candles_scentcombo_scents" VALUES(73,142,49);
INSERT INTO "amaranta_candles_scentcombo_scents" VALUES(74,142,61);
INSERT INTO "amaranta_candles_scentcombo_scents" VALUES(75,143,27);
INSERT INTO "amaranta_candles_scentcombo_scents" VALUES(76,143,13);
INSERT INTO "amaranta_candles_scentcombo_scents" VALUES(77,144,41);
INSERT INTO "amaranta_candles_scentcombo_scents" VALUES(78,144,35);
INSERT INTO "amaranta_candles_scentcombo_scents" VALUES(79,145,17);
INSERT INTO "amaranta_candles_scentcombo_scents" VALUES(80,145,66);
INSERT INTO "amaranta_candles_scentcombo_scents" VALUES(81,146,49);
INSERT INTO "amaranta_candles_scentcombo_scents" VALUES(82,146,47);
INSERT INTO "amaranta_candles_scentcombo_scents" VALUES(83,148,41);
INSERT INTO "amaranta_candles_scentcombo_scents" VALUES(84,148,42);
INSERT INTO "amaranta_candles_scentcombo_scents" VALUES(85,149,33);
INSERT INTO "amaranta_candles_scentcombo_scents" VALUES(86,149,38);
INSERT INTO "amaranta_candles_scentcombo_scents" VALUES(87,150,20);
INSERT INTO "amaranta_candles_scentcombo_scents" VALUES(88,150,13);
INSERT INTO "amaranta_candles_scentcombo_scents" VALUES(89,151,40);
INSERT INTO "amaranta_candles_scentcombo_scents" VALUES(90,151,33);
INSERT INTO "amaranta_candles_scentcombo_scents" VALUES(91,153,32);
INSERT INTO "amaranta_candles_scentcombo_scents" VALUES(92,153,33);
INSERT INTO "amaranta_candles_scentcombo_scents" VALUES(93,156,57);
INSERT INTO "amaranta_candles_scentcombo_scents" VALUES(94,156,51);
INSERT INTO "amaranta_candles_scentcombo_scents" VALUES(95,158,35);
INSERT INTO "amaranta_candles_scentcombo_scents" VALUES(96,158,67);
INSERT INTO "amaranta_candles_scentcombo_scents" VALUES(97,158,60);
INSERT INTO "amaranta_candles_scentcombo_scents" VALUES(98,158,13);
INSERT INTO "amaranta_candles_scentcombo_scents" VALUES(99,160,41);
INSERT INTO "amaranta_candles_scentcombo_scents" VALUES(100,160,50);
INSERT INTO "amaranta_candles_scentcombo_scents" VALUES(101,160,43);
INSERT INTO "amaranta_candles_scentcombo_scents" VALUES(102,162,24);
INSERT INTO "amaranta_candles_scentcombo_scents" VALUES(103,162,31);
INSERT INTO "amaranta_candles_scentcombo_scents" VALUES(104,165,40);
INSERT INTO "amaranta_candles_scentcombo_scents" VALUES(105,165,66);
INSERT INTO "amaranta_candles_scentcombo_scents" VALUES(106,165,63);
INSERT INTO "amaranta_candles_scentcombo_scents" VALUES(107,167,26);
INSERT INTO "amaranta_candles_scentcombo_scents" VALUES(108,167,47);
INSERT INTO "amaranta_candles_scentcombo_scents" VALUES(109,169,18);
INSERT INTO "amaranta_candles_scentcombo_scents" VALUES(110,169,13);
INSERT INTO "amaranta_candles_scentcombo_scents" VALUES(111,171,33);
INSERT INTO "amaranta_candles_scentcombo_scents" VALUES(112,171,30);
INSERT INTO "amaranta_candles_scentcombo_scents" VALUES(113,173,25);
INSERT INTO "amaranta_candles_scentcombo_scents" VALUES(115,173,19);
INSERT INTO "amaranta_candles_scentcombo_scents" VALUES(116,175,41);
INSERT INTO "amaranta_candles_scentcombo_scents" VALUES(117,175,26);
INSERT INTO "amaranta_candles_scentcombo_scents" VALUES(118,178,41);
INSERT INTO "amaranta_candles_scentcombo_scents" VALUES(119,178,42);
INSERT INTO "amaranta_candles_scentcombo_scents" VALUES(120,178,31);
INSERT INTO "amaranta_candles_scentcombo_scents" VALUES(121,180,52);
INSERT INTO "amaranta_candles_scentcombo_scents" VALUES(122,180,67);
INSERT INTO "amaranta_candles_scentcombo_scents" VALUES(123,181,24);
INSERT INTO "amaranta_candles_scentcombo_scents" VALUES(124,181,21);
INSERT INTO "amaranta_candles_scentcombo_scents" VALUES(125,183,66);
INSERT INTO "amaranta_candles_scentcombo_scents" VALUES(126,183,59);
INSERT INTO "amaranta_candles_scentcombo_scents" VALUES(127,183,14);
INSERT INTO "amaranta_candles_scentcombo_scents" VALUES(128,185,26);
INSERT INTO "amaranta_candles_scentcombo_scents" VALUES(129,185,61);
INSERT INTO "amaranta_candles_scentcombo_scents" VALUES(130,185,47);
INSERT INTO "amaranta_candles_scentcombo_scents" VALUES(131,186,67);
INSERT INTO "amaranta_candles_scentcombo_scents" VALUES(133,187,18);
INSERT INTO "amaranta_candles_scentcombo_scents" VALUES(134,187,13);
INSERT INTO "amaranta_candles_scentcombo_scents" VALUES(135,187,38);
INSERT INTO "amaranta_candles_scentcombo_scents" VALUES(137,186,48);
INSERT INTO "amaranta_candles_scentcombo_scents" VALUES(138,186,47);
INSERT INTO "amaranta_candles_scentcombo_scents" VALUES(139,188,25);
INSERT INTO "amaranta_candles_scentcombo_scents" VALUES(140,188,36);
INSERT INTO "amaranta_candles_scentcombo_scents" VALUES(141,189,16);
INSERT INTO "amaranta_candles_scentcombo_scents" VALUES(142,189,55);
INSERT INTO "amaranta_candles_scentcombo_scents" VALUES(143,211,194);
INSERT INTO "amaranta_candles_scentcombo_scents" VALUES(144,211,197);
INSERT INTO "amaranta_candles_scentcombo_scents" VALUES(145,215,67);
INSERT INTO "amaranta_candles_scentcombo_scents" VALUES(146,215,198);
INSERT INTO "amaranta_candles_scentcombo_scents" VALUES(147,217,198);
INSERT INTO "amaranta_candles_scentcombo_scents" VALUES(148,220,195);
INSERT INTO "amaranta_candles_scentcombo_scents" VALUES(149,220,197);
INSERT INTO "amaranta_candles_scentcombo_scents" VALUES(150,221,194);
INSERT INTO "amaranta_candles_scentcombo_scents" VALUES(151,221,198);
CREATE TABLE "amaranta_candles_scentwithamount" ("id" integer NOT NULL PRIMARY KEY AUTOINCREMENT, "amount" real NOT NULL, "scent_id" integer NOT NULL REFERENCES "amaranta_candles_scent" ("base_ptr_id") DEFERRABLE INITIALLY DEFERRED);
INSERT INTO "amaranta_candles_scentwithamount" VALUES(3,0.6,13);
INSERT INTO "amaranta_candles_scentwithamount" VALUES(4,0.2,64);
INSERT INTO "amaranta_candles_scentwithamount" VALUES(13,0.63,59);
INSERT INTO "amaranta_candles_scentwithamount" VALUES(14,0.18,58);
INSERT INTO "amaranta_candles_scentwithamount" VALUES(15,0.41,65);
INSERT INTO "amaranta_candles_scentwithamount" VALUES(16,0.4,67);
INSERT INTO "amaranta_candles_scentwithamount" VALUES(17,0.04,64);
INSERT INTO "amaranta_candles_scentwithamount" VALUES(18,0.07,62);
INSERT INTO "amaranta_candles_scentwithamount" VALUES(19,0.28,3);
INSERT INTO "amaranta_candles_scentwithamount" VALUES(20,0.32,66);
INSERT INTO "amaranta_candles_scentwithamount" VALUES(21,0.35,64);
INSERT INTO "amaranta_candles_scentwithamount" VALUES(22,0.32,13);
INSERT INTO "amaranta_candles_scentwithamount" VALUES(23,0.27,3);
INSERT INTO "amaranta_candles_scentwithamount" VALUES(24,0.36,64);
INSERT INTO "amaranta_candles_scentwithamount" VALUES(25,1.02,66);
INSERT INTO "amaranta_candles_scentwithamount" VALUES(26,0.56,66);
INSERT INTO "amaranta_candles_scentwithamount" VALUES(27,0.46,66);
INSERT INTO "amaranta_candles_scentwithamount" VALUES(28,0.16,64);
INSERT INTO "amaranta_candles_scentwithamount" VALUES(29,0.2,64);
INSERT INTO "amaranta_candles_scentwithamount" VALUES(30,0.56,66);
INSERT INTO "amaranta_candles_scentwithamount" VALUES(31,0.53,56);
INSERT INTO "amaranta_candles_scentwithamount" VALUES(32,0.1,61);
INSERT INTO "amaranta_candles_scentwithamount" VALUES(33,0.65,13);
INSERT INTO "amaranta_candles_scentwithamount" VALUES(34,0.5,63);
INSERT INTO "amaranta_candles_scentwithamount" VALUES(35,0.49,66);
INSERT INTO "amaranta_candles_scentwithamount" VALUES(36,0.98,61);
INSERT INTO "amaranta_candles_scentwithamount" VALUES(37,0.6,41);
INSERT INTO "amaranta_candles_scentwithamount" VALUES(38,0.16,13);
INSERT INTO "amaranta_candles_scentwithamount" VALUES(39,0.07,3);
INSERT INTO "amaranta_candles_scentwithamount" VALUES(40,0.18,13);
INSERT INTO "amaranta_candles_scentwithamount" VALUES(41,0.04,3);
INSERT INTO "amaranta_candles_scentwithamount" VALUES(42,0.17,66);
INSERT INTO "amaranta_candles_scentwithamount" VALUES(43,0.22,62);
INSERT INTO "amaranta_candles_scentwithamount" VALUES(44,0.22,64);
INSERT INTO "amaranta_candles_scentwithamount" VALUES(45,0.14,13);
INSERT INTO "amaranta_candles_scentwithamount" VALUES(46,0.03,3);
INSERT INTO "amaranta_candles_scentwithamount" VALUES(47,0.13,66);
INSERT INTO "amaranta_candles_scentwithamount" VALUES(48,0.18,62);
INSERT INTO "amaranta_candles_scentwithamount" VALUES(49,0.18,64);
INSERT INTO "amaranta_candles_scentwithamount" VALUES(50,0.45,56);
INSERT INTO "amaranta_candles_scentwithamount" VALUES(51,0.45,65);
INSERT INTO "amaranta_candles_scentwithamount" VALUES(52,0.45,61);
INSERT INTO "amaranta_candles_scentwithamount" VALUES(53,0.3,67);
INSERT INTO "amaranta_candles_scentwithamount" VALUES(54,0.4,58);
INSERT INTO "amaranta_candles_scentwithamount" VALUES(55,0.23,64);
INSERT INTO "amaranta_candles_scentwithamount" VALUES(56,0.39,58);
INSERT INTO "amaranta_candles_scentwithamount" VALUES(57,0.32,66);
INSERT INTO "amaranta_candles_scentwithamount" VALUES(58,0.03,64);
INSERT INTO "amaranta_candles_scentwithamount" VALUES(59,0.03,13);
INSERT INTO "amaranta_candles_scentwithamount" VALUES(60,0.32,66);
INSERT INTO "amaranta_candles_scentwithamount" VALUES(61,0.17,61);
INSERT INTO "amaranta_candles_scentwithamount" VALUES(62,0.16,3);
INSERT INTO "amaranta_candles_scentwithamount" VALUES(63,0.11,65);
INSERT INTO "amaranta_candles_scentwithamount" VALUES(64,0.56,61);
INSERT INTO "amaranta_candles_scentwithamount" VALUES(65,0.65,13);
INSERT INTO "amaranta_candles_scentwithamount" VALUES(66,0.38,62);
INSERT INTO "amaranta_candles_scentwithamount" VALUES(67,0.32,63);
INSERT INTO "amaranta_candles_scentwithamount" VALUES(68,0.07,67);
INSERT INTO "amaranta_candles_scentwithamount" VALUES(69,0.57,66);
INSERT INTO "amaranta_candles_scentwithamount" VALUES(70,0.38,41);
INSERT INTO "amaranta_candles_scentwithamount" VALUES(71,0.11,3);
INSERT INTO "amaranta_candles_scentwithamount" VALUES(72,0.49,55);
INSERT INTO "amaranta_candles_scentwithamount" VALUES(73,0.21,13);
INSERT INTO "amaranta_candles_scentwithamount" VALUES(74,0.6,66);
INSERT INTO "amaranta_candles_scentwithamount" VALUES(75,0.6,64);
INSERT INTO "amaranta_candles_scentwithamount" VALUES(76,0.5,33);
INSERT INTO "amaranta_candles_scentwithamount" VALUES(77,0.31,13);
INSERT INTO "amaranta_candles_scentwithamount" VALUES(78,0.39,33);
INSERT INTO "amaranta_candles_scentwithamount" VALUES(79,0.11,33);
INSERT INTO "amaranta_candles_scentwithamount" VALUES(80,0.09,13);
INSERT INTO "amaranta_candles_scentwithamount" VALUES(81,0.08,13);
INSERT INTO "amaranta_candles_scentwithamount" VALUES(82,0.08,60);
INSERT INTO "amaranta_candles_scentwithamount" VALUES(83,0.05,33);
INSERT INTO "amaranta_candles_scentwithamount" VALUES(84,0.05,66);
INSERT INTO "amaranta_candles_scentwithamount" VALUES(85,0.5,66);
INSERT INTO "amaranta_candles_scentwithamount" VALUES(86,0.5,43);
INSERT INTO "amaranta_candles_scentwithamount" VALUES(87,0.5,41);
INSERT INTO "amaranta_candles_scentwithamount" VALUES(88,0.41,44);
INSERT INTO "amaranta_candles_scentwithamount" VALUES(89,0.41,13);
INSERT INTO "amaranta_candles_scentwithamount" VALUES(90,0.41,34);
INSERT INTO "amaranta_candles_scentwithamount" VALUES(91,0.2,13);
INSERT INTO "amaranta_candles_scentwithamount" VALUES(92,0.2,26);
INSERT INTO "amaranta_candles_scentwithamount" VALUES(93,0.49,39);
INSERT INTO "amaranta_candles_scentwithamount" VALUES(94,0.33,64);
INSERT INTO "amaranta_candles_scentwithamount" VALUES(95,0.38,49);
INSERT INTO "amaranta_candles_scentwithamount" VALUES(96,0.38,61);
INSERT INTO "amaranta_candles_scentwithamount" VALUES(97,0.5,44);
INSERT INTO "amaranta_candles_scentwithamount" VALUES(98,0.5,13);
INSERT INTO "amaranta_candles_scentwithamount" VALUES(99,0.5,34);
INSERT INTO "amaranta_candles_scentwithamount" VALUES(100,0.25,13);
INSERT INTO "amaranta_candles_scentwithamount" VALUES(101,0.25,26);
INSERT INTO "amaranta_candles_scentwithamount" VALUES(102,0.6,39);
INSERT INTO "amaranta_candles_scentwithamount" VALUES(103,0.4,64);
INSERT INTO "amaranta_candles_scentwithamount" VALUES(104,0.5,49);
INSERT INTO "amaranta_candles_scentwithamount" VALUES(105,0.5,61);
INSERT INTO "amaranta_candles_scentwithamount" VALUES(106,0.5,27);
INSERT INTO "amaranta_candles_scentwithamount" VALUES(107,0.5,13);
INSERT INTO "amaranta_candles_scentwithamount" VALUES(108,0.5,35);
INSERT INTO "amaranta_candles_scentwithamount" VALUES(109,0.5,41);
INSERT INTO "amaranta_candles_scentwithamount" VALUES(110,0.38,17);
INSERT INTO "amaranta_candles_scentwithamount" VALUES(111,0.38,66);
INSERT INTO "amaranta_candles_scentwithamount" VALUES(112,0.38,35);
INSERT INTO "amaranta_candles_scentwithamount" VALUES(113,0.38,41);
INSERT INTO "amaranta_candles_scentwithamount" VALUES(114,0.49,42);
INSERT INTO "amaranta_candles_scentwithamount" VALUES(115,0.26,41);
INSERT INTO "amaranta_candles_scentwithamount" VALUES(116,0.38,38);
INSERT INTO "amaranta_candles_scentwithamount" VALUES(117,0.38,33);
INSERT INTO "amaranta_candles_scentwithamount" VALUES(118,0.38,20);
INSERT INTO "amaranta_candles_scentwithamount" VALUES(119,0.38,13);
INSERT INTO "amaranta_candles_scentwithamount" VALUES(120,0.38,40);
INSERT INTO "amaranta_candles_scentwithamount" VALUES(121,0.38,33);
INSERT INTO "amaranta_candles_scentwithamount" VALUES(122,0.34,32);
INSERT INTO "amaranta_candles_scentwithamount" VALUES(123,0.34,33);
INSERT INTO "amaranta_candles_scentwithamount" VALUES(124,0.06,32);
INSERT INTO "amaranta_candles_scentwithamount" VALUES(125,0.06,33);
INSERT INTO "amaranta_candles_scentwithamount" VALUES(126,0.15,51);
INSERT INTO "amaranta_candles_scentwithamount" VALUES(127,0.1,57);
INSERT INTO "amaranta_candles_scentwithamount" VALUES(128,0.3,35);
INSERT INTO "amaranta_candles_scentwithamount" VALUES(129,0.23,60);
INSERT INTO "amaranta_candles_scentwithamount" VALUES(130,0.15,67);
INSERT INTO "amaranta_candles_scentwithamount" VALUES(131,0.8,13);
INSERT INTO "amaranta_candles_scentwithamount" VALUES(132,0.35,50);
INSERT INTO "amaranta_candles_scentwithamount" VALUES(133,0.24,43);
INSERT INTO "amaranta_candles_scentwithamount" VALUES(134,0.11,41);
INSERT INTO "amaranta_candles_scentwithamount" VALUES(135,0.18,31);
INSERT INTO "amaranta_candles_scentwithamount" VALUES(136,0.17,24);
INSERT INTO "amaranta_candles_scentwithamount" VALUES(137,0.11,40);
INSERT INTO "amaranta_candles_scentwithamount" VALUES(138,0.07,63);
INSERT INTO "amaranta_candles_scentwithamount" VALUES(139,0.14,66);
INSERT INTO "amaranta_candles_scentwithamount" VALUES(140,0.18,47);
INSERT INTO "amaranta_candles_scentwithamount" VALUES(141,0.16,26);
INSERT INTO "amaranta_candles_scentwithamount" VALUES(142,0.49,18);
INSERT INTO "amaranta_candles_scentwithamount" VALUES(143,0.25,13);
INSERT INTO "amaranta_candles_scentwithamount" VALUES(144,0.28,30);
INSERT INTO "amaranta_candles_scentwithamount" VALUES(145,0.28,33);
INSERT INTO "amaranta_candles_scentwithamount" VALUES(146,0.41,19);
INSERT INTO "amaranta_candles_scentwithamount" VALUES(147,0.34,25);
INSERT INTO "amaranta_candles_scentwithamount" VALUES(148,0.32,41);
INSERT INTO "amaranta_candles_scentwithamount" VALUES(149,0.43,26);
INSERT INTO "amaranta_candles_scentwithamount" VALUES(150,0.18,41);
INSERT INTO "amaranta_candles_scentwithamount" VALUES(151,0.14,42);
INSERT INTO "amaranta_candles_scentwithamount" VALUES(152,0.05,31);
INSERT INTO "amaranta_candles_scentwithamount" VALUES(153,0.25,52);
INSERT INTO "amaranta_candles_scentwithamount" VALUES(154,0.15,67);
INSERT INTO "amaranta_candles_scentwithamount" VALUES(159,0.5,21);
INSERT INTO "amaranta_candles_scentwithamount" VALUES(160,0.5,24);
INSERT INTO "amaranta_candles_scentwithamount" VALUES(161,0.25,66);
INSERT INTO "amaranta_candles_scentwithamount" VALUES(162,0.14,59);
INSERT INTO "amaranta_candles_scentwithamount" VALUES(163,0.34,14);
INSERT INTO "amaranta_candles_scentwithamount" VALUES(164,0.2,47);
INSERT INTO "amaranta_candles_scentwithamount" VALUES(165,0.1,26);
INSERT INTO "amaranta_candles_scentwithamount" VALUES(166,0.1,61);
INSERT INTO "amaranta_candles_scentwithamount" VALUES(167,0.14,13);
INSERT INTO "amaranta_candles_scentwithamount" VALUES(168,0.18,18);
INSERT INTO "amaranta_candles_scentwithamount" VALUES(169,0.07,38);
INSERT INTO "amaranta_candles_scentwithamount" VALUES(170,0.2,31);
INSERT INTO "amaranta_candles_scentwithamount" VALUES(171,0.2,67);
INSERT INTO "amaranta_candles_scentwithamount" VALUES(172,0.2,49);
INSERT INTO "amaranta_candles_scentwithamount" VALUES(173,0.07,67);
INSERT INTO "amaranta_candles_scentwithamount" VALUES(174,0.1,47);
INSERT INTO "amaranta_candles_scentwithamount" VALUES(175,0.21,48);
INSERT INTO "amaranta_candles_scentwithamount" VALUES(176,0.2,25);
INSERT INTO "amaranta_candles_scentwithamount" VALUES(177,0.2,36);
INSERT INTO "amaranta_candles_scentwithamount" VALUES(178,0.25,25);
INSERT INTO "amaranta_candles_scentwithamount" VALUES(179,0.15,36);
INSERT INTO "amaranta_candles_scentwithamount" VALUES(180,0.18,55);
INSERT INTO "amaranta_candles_scentwithamount" VALUES(181,0.18,16);
INSERT INTO "amaranta_candles_scentwithamount" VALUES(182,0.2,194);
INSERT INTO "amaranta_candles_scentwithamount" VALUES(183,0.3,197);
INSERT INTO "amaranta_candles_scentwithamount" VALUES(184,0.1,193);
INSERT INTO "amaranta_candles_scentwithamount" VALUES(185,0.1,195);
INSERT INTO "amaranta_candles_scentwithamount" VALUES(186,0.3,198);
INSERT INTO "amaranta_candles_scentwithamount" VALUES(187,0.2,67);
INSERT INTO "amaranta_candles_scentwithamount" VALUES(188,0.5,198);
INSERT INTO "amaranta_candles_scentwithamount" VALUES(189,0.2,197);
INSERT INTO "amaranta_candles_scentwithamount" VALUES(190,0.3,195);
INSERT INTO "amaranta_candles_scentwithamount" VALUES(191,0.2,194);
INSERT INTO "amaranta_candles_scentwithamount" VALUES(192,0.1,198);
CREATE TABLE "amaranta_candles_vessel" ("base_ptr_id" integer NOT NULL PRIMARY KEY REFERENCES "amaranta_candles_base" ("id") DEFERRABLE INITIALLY DEFERRED);
INSERT INTO "amaranta_candles_vessel" VALUES(76);
INSERT INTO "amaranta_candles_vessel" VALUES(88);
INSERT INTO "amaranta_candles_vessel" VALUES(90);
INSERT INTO "amaranta_candles_vessel" VALUES(92);
INSERT INTO "amaranta_candles_vessel" VALUES(94);
INSERT INTO "amaranta_candles_vessel" VALUES(97);
INSERT INTO "amaranta_candles_vessel" VALUES(98);
INSERT INTO "amaranta_candles_vessel" VALUES(100);
INSERT INTO "amaranta_candles_vessel" VALUES(102);
INSERT INTO "amaranta_candles_vessel" VALUES(105);
INSERT INTO "amaranta_candles_vessel" VALUES(107);
INSERT INTO "amaranta_candles_vessel" VALUES(108);
INSERT INTO "amaranta_candles_vessel" VALUES(110);
INSERT INTO "amaranta_candles_vessel" VALUES(112);
INSERT INTO "amaranta_candles_vessel" VALUES(114);
INSERT INTO "amaranta_candles_vessel" VALUES(116);
INSERT INTO "amaranta_candles_vessel" VALUES(119);
INSERT INTO "amaranta_candles_vessel" VALUES(121);
INSERT INTO "amaranta_candles_vessel" VALUES(123);
INSERT INTO "amaranta_candles_vessel" VALUES(125);
INSERT INTO "amaranta_candles_vessel" VALUES(127);
INSERT INTO "amaranta_candles_vessel" VALUES(128);
INSERT INTO "amaranta_candles_vessel" VALUES(130);
INSERT INTO "amaranta_candles_vessel" VALUES(131);
INSERT INTO "amaranta_candles_vessel" VALUES(133);
INSERT INTO "amaranta_candles_vessel" VALUES(135);
INSERT INTO "amaranta_candles_vessel" VALUES(138);
INSERT INTO "amaranta_candles_vessel" VALUES(154);
INSERT INTO "amaranta_candles_vessel" VALUES(155);
INSERT INTO "amaranta_candles_vessel" VALUES(157);
INSERT INTO "amaranta_candles_vessel" VALUES(159);
INSERT INTO "amaranta_candles_vessel" VALUES(161);
INSERT INTO "amaranta_candles_vessel" VALUES(163);
INSERT INTO "amaranta_candles_vessel" VALUES(166);
INSERT INTO "amaranta_candles_vessel" VALUES(168);
INSERT INTO "amaranta_candles_vessel" VALUES(170);
INSERT INTO "amaranta_candles_vessel" VALUES(172);
INSERT INTO "amaranta_candles_vessel" VALUES(176);
INSERT INTO "amaranta_candles_vessel" VALUES(179);
INSERT INTO "amaranta_candles_vessel" VALUES(182);
INSERT INTO "amaranta_candles_vessel" VALUES(184);
INSERT INTO "amaranta_candles_vessel" VALUES(202);
INSERT INTO "amaranta_candles_vessel" VALUES(203);
INSERT INTO "amaranta_candles_vessel" VALUES(204);
INSERT INTO "amaranta_candles_vessel" VALUES(205);
INSERT INTO "amaranta_candles_vessel" VALUES(212);
INSERT INTO "amaranta_candles_vessel" VALUES(213);
INSERT INTO "amaranta_candles_vessel" VALUES(214);
INSERT INTO "amaranta_candles_vessel" VALUES(216);
INSERT INTO "amaranta_candles_vessel" VALUES(218);
INSERT INTO "amaranta_candles_vessel" VALUES(219);
INSERT INTO "amaranta_candles_vessel" VALUES(222);
CREATE TABLE "amaranta_candles_wax" ("base_ptr_id" integer NOT NULL PRIMARY KEY REFERENCES "amaranta_candles_base" ("id") DEFERRABLE INITIALLY DEFERRED);
INSERT INTO "amaranta_candles_wax" VALUES(46);
INSERT INTO "amaranta_candles_wax" VALUES(53);
INSERT INTO "amaranta_candles_wax" VALUES(54);
INSERT INTO "amaranta_candles_wax" VALUES(208);
INSERT INTO "amaranta_candles_wax" VALUES(209);
CREATE TABLE "amaranta_candles_waxwithamount" ("id" integer NOT NULL PRIMARY KEY AUTOINCREMENT, "amount" real NOT NULL, "wax_id" integer NOT NULL REFERENCES "amaranta_candles_wax" ("base_ptr_id") DEFERRABLE INITIALLY DEFERRED);
INSERT INTO "amaranta_candles_waxwithamount" VALUES(2,12.0,53);
INSERT INTO "amaranta_candles_waxwithamount" VALUES(7,12.96,53);
INSERT INTO "amaranta_candles_waxwithamount" VALUES(8,12.8,53);
INSERT INTO "amaranta_candles_waxwithamount" VALUES(9,8.0,53);
INSERT INTO "amaranta_candles_waxwithamount" VALUES(10,20.0,53);
INSERT INTO "amaranta_candles_waxwithamount" VALUES(11,10.0,53);
INSERT INTO "amaranta_candles_waxwithamount" VALUES(12,16.0,54);
INSERT INTO "amaranta_candles_waxwithamount" VALUES(13,12.5,53);
INSERT INTO "amaranta_candles_waxwithamount" VALUES(14,14.0,53);
INSERT INTO "amaranta_candles_waxwithamount" VALUES(15,6.0,53);
INSERT INTO "amaranta_candles_waxwithamount" VALUES(16,6.0,54);
INSERT INTO "amaranta_candles_waxwithamount" VALUES(17,11.0,53);
INSERT INTO "amaranta_candles_waxwithamount" VALUES(18,5.4,54);
INSERT INTO "amaranta_candles_waxwithamount" VALUES(19,4.6,53);
INSERT INTO "amaranta_candles_waxwithamount" VALUES(20,10.0,54);
INSERT INTO "amaranta_candles_waxwithamount" VALUES(21,12.2,53);
INSERT INTO "amaranta_candles_waxwithamount" VALUES(22,7.5,53);
INSERT INTO "amaranta_candles_waxwithamount" VALUES(23,7.5,54);
INSERT INTO "amaranta_candles_waxwithamount" VALUES(24,11.0,53);
INSERT INTO "amaranta_candles_waxwithamount" VALUES(25,12.0,54);
INSERT INTO "amaranta_candles_waxwithamount" VALUES(26,6.0,53);
INSERT INTO "amaranta_candles_waxwithamount" VALUES(27,12.0,53);
INSERT INTO "amaranta_candles_waxwithamount" VALUES(28,3.5,53);
INSERT INTO "amaranta_candles_waxwithamount" VALUES(29,3.95,53);
INSERT INTO "amaranta_candles_waxwithamount" VALUES(30,13.0,53);
INSERT INTO "amaranta_candles_waxwithamount" VALUES(31,7.2,46);
INSERT INTO "amaranta_candles_waxwithamount" VALUES(32,8.8,53);
INSERT INTO "amaranta_candles_waxwithamount" VALUES(33,7.15,53);
INSERT INTO "amaranta_candles_waxwithamount" VALUES(34,5.85,46);
INSERT INTO "amaranta_candles_waxwithamount" VALUES(35,6.6,53);
INSERT INTO "amaranta_candles_waxwithamount" VALUES(36,5.4,54);
INSERT INTO "amaranta_candles_waxwithamount" VALUES(37,5.4,46);
INSERT INTO "amaranta_candles_waxwithamount" VALUES(38,9.6,53);
INSERT INTO "amaranta_candles_waxwithamount" VALUES(39,2.4,46);
INSERT INTO "amaranta_candles_waxwithamount" VALUES(40,9.0,53);
INSERT INTO "amaranta_candles_waxwithamount" VALUES(41,2.0,53);
INSERT INTO "amaranta_candles_waxwithamount" VALUES(42,4.0,53);
INSERT INTO "amaranta_candles_waxwithamount" VALUES(43,0.5,53);
INSERT INTO "amaranta_candles_waxwithamount" VALUES(44,5.0,53);
INSERT INTO "amaranta_candles_waxwithamount" VALUES(45,2.0,53);
INSERT INTO "amaranta_candles_waxwithamount" VALUES(46,2.0,53);
INSERT INTO "amaranta_candles_waxwithamount" VALUES(47,3.0,53);
INSERT INTO "amaranta_candles_waxwithamount" VALUES(48,3.0,54);
INSERT INTO "amaranta_candles_waxwithamount" VALUES(51,2.4,53);
INSERT INTO "amaranta_candles_waxwithamount" VALUES(52,2.4,54);
INSERT INTO "amaranta_candles_waxwithamount" VALUES(53,2.4,53);
INSERT INTO "amaranta_candles_waxwithamount" VALUES(54,2.4,53);
INSERT INTO "amaranta_candles_waxwithamount" VALUES(55,6.5,53);
INSERT INTO "amaranta_candles_waxwithamount" VALUES(56,6.5,54);
INSERT INTO "amaranta_candles_waxwithamount" VALUES(57,3.9,53);
INSERT INTO "amaranta_candles_waxwithamount" VALUES(58,3.9,54);
INSERT INTO "amaranta_candles_waxwithamount" VALUES(59,3.5,53);
INSERT INTO "amaranta_candles_waxwithamount" VALUES(60,3.5,54);
INSERT INTO "amaranta_candles_waxwithamount" VALUES(61,1.15,53);
INSERT INTO "amaranta_candles_waxwithamount" VALUES(62,1.15,54);
INSERT INTO "amaranta_candles_waxwithamount" VALUES(63,0.3,208);
INSERT INTO "amaranta_candles_waxwithamount" VALUES(64,3.0,208);
INSERT INTO "amaranta_candles_waxwithamount" VALUES(65,3.0,209);
INSERT INTO "amaranta_candles_waxwithamount" VALUES(66,0.5,208);
INSERT INTO "amaranta_candles_waxwithamount" VALUES(67,0.5,209);
INSERT INTO "amaranta_candles_waxwithamount" VALUES(68,1.5,208);
INSERT INTO "amaranta_candles_waxwithamount" VALUES(69,1.5,209);
INSERT INTO "amaranta_candles_waxwithamount" VALUES(70,3.5,208);
INSERT INTO "amaranta_candles_waxwithamount" VALUES(71,3.5,209);
INSERT INTO "amaranta_candles_waxwithamount" VALUES(72,2.5,208);
INSERT INTO "amaranta_candles_waxwithamount" VALUES(73,2.5,209);
INSERT INTO "amaranta_candles_waxwithamount" VALUES(74,1.75,208);
INSERT INTO "amaranta_candles_waxwithamount" VALUES(75,1.75,209);
CREATE TABLE "amaranta_candles_wick" ("base_ptr_id" integer NOT NULL PRIMARY KEY REFERENCES "amaranta_candles_base" ("id") DEFERRABLE INITIALLY DEFERRED);
INSERT INTO "amaranta_candles_wick" VALUES(73);
INSERT INTO "amaranta_candles_wick" VALUES(74);
INSERT INTO "amaranta_candles_wick" VALUES(86);
INSERT INTO "amaranta_candles_wick" VALUES(206);
INSERT INTO "amaranta_candles_wick" VALUES(207);
INSERT INTO "amaranta_candles_wick" VALUES(210);
CREATE TABLE "django_migrations" ("id" integer NOT NULL PRIMARY KEY AUTOINCREMENT, "app" varchar(255) NOT NULL, "name" varchar(255) NOT NULL, "applied" datetime NOT NULL);
INSERT INTO "django_migrations" VALUES(1,'amaranta_candles','0001_initial','2026-07-23 12:40:22.755851');
INSERT INTO "django_migrations" VALUES(2,'amaranta_candles','0002_auto_20200328_1812','2026-07-23 12:40:22.783600');
INSERT INTO "django_migrations" VALUES(3,'amaranta_candles','0003_auto_20200503_0917','2026-07-23 12:40:22.790111');
INSERT INTO "django_migrations" VALUES(4,'amaranta_candles','0004_auto_20200507_1732','2026-07-23 12:40:22.793376');
INSERT INTO "django_migrations" VALUES(5,'amaranta_candles','0005_auto_20200507_1925','2026-07-23 12:40:22.799527');
CREATE UNIQUE INDEX "amaranta_candles_candle_dyes_with_amounts_candle_id_dyewithamount_id_f16d08f8_uniq" ON "amaranta_candles_candle_dyes_with_amounts" ("candle_id", "dyewithamount_id");
CREATE INDEX "amaranta_candles_candle_dyes_with_amounts_candle_id_66981187" ON "amaranta_candles_candle_dyes_with_amounts" ("candle_id");
CREATE INDEX "amaranta_candles_candle_dyes_with_amounts_dyewithamount_id_f4742d0a" ON "amaranta_candles_candle_dyes_with_amounts" ("dyewithamount_id");
CREATE UNIQUE INDEX "amaranta_candles_candle_scents_with_amounts_candle_id_scentwithamount_id_122eca17_uniq" ON "amaranta_candles_candle_scents_with_amounts" ("candle_id", "scentwithamount_id");
CREATE INDEX "amaranta_candles_candle_scents_with_amounts_candle_id_28fd10f8" ON "amaranta_candles_candle_scents_with_amounts" ("candle_id");
CREATE INDEX "amaranta_candles_candle_scents_with_amounts_scentwithamount_id_3aed54ea" ON "amaranta_candles_candle_scents_with_amounts" ("scentwithamount_id");
CREATE UNIQUE INDEX "amaranta_candles_candle_waxes_with_amounts_candle_id_waxwithamount_id_5d285f43_uniq" ON "amaranta_candles_candle_waxes_with_amounts" ("candle_id", "waxwithamount_id");
CREATE INDEX "amaranta_candles_candle_waxes_with_amounts_candle_id_6329702a" ON "amaranta_candles_candle_waxes_with_amounts" ("candle_id");
CREATE INDEX "amaranta_candles_candle_waxes_with_amounts_waxwithamount_id_62471d64" ON "amaranta_candles_candle_waxes_with_amounts" ("waxwithamount_id");
CREATE INDEX "amaranta_candles_dyewithamount_dye_id_109b6ec8" ON "amaranta_candles_dyewithamount" ("dye_id");
CREATE UNIQUE INDEX "amaranta_candles_scentcombo_scents_scentcombo_id_scent_id_99beee40_uniq" ON "amaranta_candles_scentcombo_scents" ("scentcombo_id", "scent_id");
CREATE INDEX "amaranta_candles_scentcombo_scents_scentcombo_id_7a71a93d" ON "amaranta_candles_scentcombo_scents" ("scentcombo_id");
CREATE INDEX "amaranta_candles_scentcombo_scents_scent_id_43415a31" ON "amaranta_candles_scentcombo_scents" ("scent_id");
CREATE INDEX "amaranta_candles_scentwithamount_scent_id_8126fd9c" ON "amaranta_candles_scentwithamount" ("scent_id");
CREATE INDEX "amaranta_candles_waxwithamount_wax_id_9951a16e" ON "amaranta_candles_waxwithamount" ("wax_id");
CREATE INDEX "amaranta_candles_candle_batch_id_856c0e6e" ON "amaranta_candles_candle" ("batch_id");
CREATE INDEX "amaranta_candles_candle_intended_scent_combo_id_758c2bbe" ON "amaranta_candles_candle" ("intended_scent_combo_id");
CREATE INDEX "amaranta_candles_candle_vessel_id_a774b91d" ON "amaranta_candles_candle" ("vessel_id");
CREATE INDEX "amaranta_candles_candle_wick_id_17945fc2" ON "amaranta_candles_candle" ("wick_id");
DELETE FROM "sqlite_sequence";
INSERT INTO "sqlite_sequence" VALUES('django_migrations',5);
INSERT INTO "sqlite_sequence" VALUES('amaranta_candles_candle_dyes_with_amounts',40);
INSERT INTO "sqlite_sequence" VALUES('amaranta_candles_candle_scents_with_amounts',187);
INSERT INTO "sqlite_sequence" VALUES('amaranta_candles_candle_waxes_with_amounts',113);
INSERT INTO "sqlite_sequence" VALUES('amaranta_candles_dyewithamount',22);
INSERT INTO "sqlite_sequence" VALUES('amaranta_candles_scentcombo_scents',151);
INSERT INTO "sqlite_sequence" VALUES('amaranta_candles_scentwithamount',192);
INSERT INTO "sqlite_sequence" VALUES('amaranta_candles_waxwithamount',75);
INSERT INTO "sqlite_sequence" VALUES('amaranta_candles_base',222);
INSERT INTO "sqlite_sequence" VALUES('amaranta_candles_candle',71);
COMMIT;
